id,domain,status,purchase_price,renewal_price,attractiveness,demand,length,registrar,created_at,expires_at,status_verified_at
df19ea6a-6a41-4984-8066-e33631c1736b,describable.io,available,,,high,high,11,,,,
a0ae4b63-c5d7-4cc2-95c3-e959cd6897a7,trustful.io,resell,,,high,low,8,Dynadot Inc,03/07/2015 20:36,03/07/2027 20:36,26/09/2026 09:47
b1f669dc-af08-4f03-a5a8-6dfc154f82b3,cadaver.io,available,31.98,51.75,medium,low,7,spaceship,,,06/10/2026 14:33
0c48a437-7710-4d83-a95c-e0889eaec122,pashes.io,available,,,medium,low,6,,,,
ecb1531b-3e5b-4981-b855-cf47900b0ec2,duvetyne.io,available,,,medium,low,8,,,,
76bd30b4-962d-4bde-93b9-e18deadc4c64,strategies.io,resell,,,high,low,10,"GoDaddy.com, LLC",17/04/2017 00:30,17/04/2027 00:30,30/09/2026 07:25
9e2697ff-fe09-4a2e-9be3-b3be90efdc46,recount.io,resell,,,high,low,7,Dynadot Inc,21/07/2019 14:35,21/07/2027 14:35,30/09/2026 18:26
a840537c-e3a4-42ce-b83d-f50864f603ef,apia.io,resell,,,high,low,4,"GoDaddy.com, LLC",25/01/2021 14:31,25/01/2027 14:31,26/09/2026 03:55
8582e7ad-e9fb-42ba-b033-b89519a74fd1,beergate.io,available,,,high,high,8,,,,
cc612c33-512d-4512-83e5-ea9de9724ace,debasement.io,available,38.99,69.99,medium,low,10,namesilo,,,17/09/2026 10:16
faf246b4-e916-4bdf-96e7-f218ca0f3734,nonsugar.io,available,,,high,high,8,,,,
09d6e7a7-f132-46d4-9444-796ba4362668,cribs.io,resell,,,high,medium,5,"GoDaddy.com, LLC",11/04/2015 08:21,11/04/2027 08:21,26/09/2026 05:20
6299c2bf-0e59-48da-a58f-20fbe32d0b04,squeezing.io,available,32,50,high,low,9,cloudflare,,,30/09/2026 18:49
b62b42f4-f16a-4d51-8697-ab00edd76f3a,fittingly.io,available,34.98,75.98,medium,low,9,namecheap,,,13/09/2026 20:32
a019fd3f-509f-4053-94c1-38c3ea845068,blithe.io,resell,,,high,low,6,Dynadot Inc,16/12/2019 19:48,16/12/2026 19:48,08/10/2026 01:14
99b192e2-2eba-4e2d-8070-2d990babc93b,bookstorekeeper.io,available,,,high,high,15,,,,
db753195-1e51-4b20-86e8-cf2d8fc48ee8,introspectively.io,available,,,high,high,15,,,,
bb75b1ee-533c-423f-b2ba-2d956612d92b,callaloos.io,available,,,medium,low,9,,,,
b5285b18-1f46-482f-8456-70107de4c66d,copythorne.io,available,,,high,high,10,,,,
3ec77529-56c6-4688-8987-a5b70b21126e,pant.io,resell,,,high,low,4,,,,03/10/2026 00:54
9d1a23dd-68a3-489c-954e-a1f4fa808a38,insulting.io,available,38.99,69.99,high,low,9,namesilo,,,23/09/2026 21:52
0d53b742-a087-44a8-af01-a1807d9524c2,kittitas.io,available,,,high,high,8,,,,
503dcc7b-0703-4ba7-a7f1-994056e151e4,oig.io,resell,,,high,low,3,,,,03/10/2026 21:00
995c5d1d-788f-469b-bd26-fc9b6bd9dcbd,biopesticide.io,available,,,high,high,12,,,,
1dcc4bea-a19b-4cf0-a517-8268851332f4,bestowed.io,available,38.99,69.99,medium,low,8,namesilo,,,30/09/2026 14:44
0dc6901d-289d-4772-aa54-1079df04ef38,underwriters.io,available,,,high,high,12,,,,
114300ea-e42c-4a3e-a283-c5d3678c7b21,agentlike.io,available,,,high,high,9,,,,
827fdff0-4bbc-4e4d-ae1c-19d68c48845b,slice.io,resell,,,high,low,5,"GoDaddy.com, LLC",09/02/2021 22:26,09/02/2027 22:26,27/09/2026 13:29
cdf32c3b-99f3-44b1-9ce9-333704d53a45,objected.io,available,53.99,79.99,medium,low,8,name.com,,,18/09/2026 23:50
25c62979-3a40-4cae-b6b5-656df2a246b4,educationist.io,available,,,high,high,12,,,,
f2494bb5-a175-4c6e-9122-9501ddba310c,sandhopper.io,available,38.99,69.99,medium,low,10,namesilo,,,22/09/2026 18:44
82281b93-80bb-4c52-ae9c-7d8e7d271521,kubrickesque.io,available,,,high,high,12,,,,
17aa2183-745e-40b4-befa-d369f73aa8ed,charley.io,resell,,,high,low,7,,,,02/10/2026 07:21
6f9eb370-fb6c-45b2-a893-3298cbff0d17,newsweeklies.io,available,,,medium,low,12,,,,
bcd5b903-2905-47ff-bec7-ee9e008ee317,abstracts.io,resell,,,medium,low,9,,,,07/10/2026 22:44
eaa17cb3-1271-407e-9641-762bb26b08b9,barrette.io,available,38.99,69.99,medium,low,8,namesilo,,,22/09/2026 08:28
258bd275-565d-478a-803b-08ba3d0247c5,passe.io,resell,,,high,low,5,Dynadot9 LLC,11/01/2020 14:30,11/01/2027 14:30,26/09/2026 08:03
8c8604ee-2423-4ebd-b6a5-5e5d944768b1,patternmaking.io,available,,,high,low,13,,,,
6416e66d-c248-48f6-a650-a80dc7b50210,conoid.io,available,,,high,high,6,,,,
267159af-5ef8-40a1-b5f1-543672d74052,protozoan.io,available,34.98,75.98,high,low,9,namecheap,,,09/09/2026 04:12
3ee571fc-e22d-4406-a2cc-daba93bcd66f,polemist.io,available,34.98,75.98,medium,low,8,namecheap,,,08/09/2026 22:57
04af2372-9c70-4ff5-984b-2e4875dc9216,wimpy.io,available,34.98,75.98,medium,low,5,namecheap,,,13/09/2026 12:06
75101a2a-7b9d-4ae5-9352-2c3319852f07,over.io,resell,,,high,low,4,"GoDaddy.com, LLC",28/07/2013 20:02,28/07/2027 20:02,26/09/2026 07:58
de6b95f7-ee0e-4a51-8cba-276931faacbf,bangui.io,available,38.99,69.99,medium,low,6,namesilo,,,22/09/2026 02:03
5e58bff2-d139-43a8-a6c5-957e788bc9ef,parried.io,available,,,medium,low,7,,,,
a92bc00e-bfd3-4190-8236-b7cb371c4b63,duplicate.io,resell,,,high,low,9,Dynadot Inc,14/01/2019 10:11,14/01/2027 10:11,26/09/2026 05:43
a9b10e4f-89ec-41e9-b4b5-c75c2d026e5e,america.io,resell,,,high,medium,7,"GoDaddy.com, LLC",14/08/2019 10:06,14/08/2027 10:06,28/09/2026 20:53
428053c0-a5b3-4c79-9b81-d0f6e1a8e730,sinicise.io,available,,,high,high,8,,,,
e08a064b-61b2-4679-a71d-cf7fa13c0976,clement.io,resell,,,high,low,7,"Sav.com, LLC",16/06/2025 14:15,16/06/2027 14:15,26/09/2026 04:59
3eb0e858-dd59-4027-937d-364deb878eb0,drumhead.io,available,34.98,75.98,high,low,8,namecheap,,,14/08/2026 20:15
b1f8b315-92cc-4d51-b57f-b7da20abac74,widow.io,resell,,,high,low,5,,,,27/09/2026 05:54
c6f6b9d8-05ea-4ce6-a3fc-3523feb75269,nebulously.io,available,34.98,75.98,medium,low,10,namecheap,,,15/09/2026 16:18
1856fb70-738c-4c8a-8f31-9b3d29ec5498,pitched.io,available,,,high,medium,7,,,,
0686df01-9832-488c-be6b-f9141112301d,transposable.io,available,,,high,low,12,,,,
097d084b-289b-4cf4-8161-007e1bc0cd81,molecular.io,resell,,,high,low,9,"GoDaddy.com, LLC",06/03/2015 00:30,06/03/2027 00:30,26/09/2026 07:36
b9ffdaea-d9c1-4eb5-a987-471f79b6c3ba,sparerib.io,available,,,high,high,8,,,,
91dcd8bf-ed94-49b0-9804-83ea3ed77ef6,candied.io,available,33.99,69.99,high,low,7,namesilo,,,11/08/2026 16:48
4c5f7af9-fcf5-4ad4-9a3e-16df3f937fa5,nottinghamshire.io,available,,,high,medium,15,,,,
54fdb0ea-724c-4832-a1fd-6d8eab3d81d6,bestselling.io,resell,,,high,high,11,"GoDaddy.com, LLC",12/03/2024 02:08,12/03/2027 02:08,26/09/2026 04:23
9cb6c747-fc72-4233-b225-f6ef2a851f04,uncertified.io,available,31.98,51.75,medium,low,11,spaceship,,,06/10/2026 12:35
14347f75-5b01-4b6d-ba11-266bddceda3f,trusteeships.io,available,,,medium,low,12,,,,
018d7f96-997c-4e2a-bd4c-1ad1e48b43c1,fertilizer.io,resell,,,high,low,10,"GoDaddy.com, LLC",15/10/2015 20:48,14/01/2027 00:30,29/09/2026 06:53
eb42b309-8386-433b-9c23-04fdd1cc831b,princeton.io,resell,,,high,low,9,,,,28/09/2026 10:45
3a420e15-27bc-4e79-8245-532a88dc7efc,keffiyehs.io,available,,,medium,low,9,,,,
300e74b2-d0cf-40dd-882b-460230fe0598,ramifications.io,available,38.99,69.99,low,low,13,namesilo,,,03/10/2026 08:31
620da771-1dbb-4e7d-860f-b43f2e4887dd,funniness.io,available,,,high,high,9,,,,
ee08c50f-81e7-42d0-bac2-1a4341f2466c,ergotic.io,available,33.99,69.99,medium,low,7,namesilo,,,17/08/2026 12:13
76c97b85-0dfa-4280-bae9-74aea6bad5da,puducherry.io,available,,,high,high,10,,,,
7df2091a-39f9-4bd5-982d-34ef4499fbda,pansy.io,resell,,,high,low,5,"GoDaddy.com, LLC",14/05/2020 19:09,14/05/2027 19:09,26/09/2026 08:01
a7c711b3-97f4-41b1-b982-a15679755320,hoary.io,available,34.98,75.98,medium,low,5,namecheap,,,20/08/2026 19:20
b265b0f4-81f5-485e-8691-a9ea8d7c06e5,voracious.io,resell,,,high,low,9,"GoDaddy.com, LLC",19/07/2018 01:53,19/07/2027 01:53,26/09/2026 10:02
6c16e5a9-493c-4ea8-bdd8-8d3244a394ac,revetement.io,available,,,high,high,10,,,,
83e18d36-4aac-4f33-9b55-c25c6c59260c,sceptically.io,available,,,high,high,11,,,,
61568f20-0836-407f-9d26-637552dd49d9,modernness.io,available,38.99,69.99,high,high,10,namesilo,,,27/09/2026 05:30
bd435a70-50e9-4a8f-8528-6c101e4fbf45,adlai.io,available,38.99,69.99,high,low,5,namesilo,,,03/10/2026 04:50
34ed131c-f4a8-498e-8b3c-de330844b64f,slenderize.io,available,34.98,75.98,high,low,10,namecheap,,,10/09/2026 10:53
9eacfa93-ceb2-4279-8bda-0cd5e3511adc,alternating.io,available,31.98,51.75,high,low,11,spaceship,,,30/09/2026 05:54
ed4a4101-904f-4773-a616-a27f5032bf43,cybernetic.io,resell,,,high,low,10,"NameCheap, Inc.",20/12/2018 02:05,20/12/2026 02:05,26/09/2026 05:23
6557fe46-e3b7-4ad9-bb33-e866bc0b2e20,sizzling.io,resell,,,high,low,8,Dynadot Inc,14/01/2020 18:11,14/01/2027 18:11,26/09/2026 09:03
91b10270-2a81-427c-8c8a-dbf742b0c35e,invaluably.io,available,,,high,high,10,,,,
58324a17-34e9-4fa0-bd49-338332b11d41,cannily.io,available,,,medium,low,7,,,,
95b3e910-3b04-4c38-891b-ac000c52f0d5,snot.io,resell,,,high,low,4,,,,06/10/2026 02:29
5f965619-7d4e-49a8-b378-0005e5a701e2,overlaid.io,available,,,high,medium,8,,,,
1acfdcc9-4947-4823-a025-2c787d7c3554,chanko.io,available,,,medium,low,6,,,,
745eb671-4ec9-4b90-a1db-fa6510d0c437,backplate.io,available,53.99,79.99,high,low,9,name.com,,,21/09/2026 15:46
5170bb23-e2bd-4797-bcf3-a7cc1bed4434,galbanum.io,available,,,high,high,8,,,,
382ad61d-1b43-4b19-adc2-e46a5f19c4bd,extinctions.io,available,28.89,53.5,low,low,11,dynadot,,,03/10/2026 09:26
df0a9207-f5e8-4525-a5d3-fb072968a95f,islamic.io,resell,,,high,low,7,"eNom, LLC",25/03/2019 10:33,25/03/2027 10:33,26/09/2026 06:57
649c802f-397b-45b3-bf6b-aef3a4262a9c,dormy.io,resell,,,medium,low,5,"GoDaddy.com, LLC",01/10/2025 01:51,01/10/2027 01:51,01/10/2026 04:44
58095bc0-6de0-47a1-8601-e5a6ca651cb0,accrimination.io,available,,,high,high,13,,,,
f548c32b-472d-441c-93be-53d7517f88d4,lsd.io,resell,,,high,low,3,,,,28/09/2026 06:12
c3201061-19f1-400a-acb4-e7d3afe95bde,parfum.io,resell,,,high,high,6,Dynadot Inc,06/08/2020 14:31,06/08/2027 14:31,26/09/2026 08:02
602c1b18-356e-49d1-b163-c90a985b7a36,macneal.io,available,,,high,high,7,,,,
7657dac8-0486-4aca-9830-1bab36c9d542,linen.io,resell,,,medium,low,5,,,,29/09/2026 01:36
df0065d4-2607-44d8-a47b-df76a9c1aedb,alcides.io,available,38.99,69.99,high,low,7,namesilo,,,18/09/2026 04:05
867142db-c6b1-4634-9e0e-8afdf8fe6f62,wheelwork.io,available,,,high,high,9,,,,
a3cbb2ed-f43a-426d-ae0c-2d1351a37616,stolen.io,resell,,,high,low,6,"Spaceship, Inc.",12/10/2025 15:15,12/10/2027 15:15,26/09/2026 09:19
be8a59de-a14d-4b9a-8773-a35ee5cf18bd,feelgoodery.io,available,,,high,high,11,,,,
0e8967cd-c37e-4ea3-a6ed-3d1ae8018cc1,reuniting.io,available,38.99,69.99,high,high,9,namesilo,,,08/10/2026 02:20
ece42119-b39c-4554-955f-189f7b598d05,wontcha.io,available,,,high,high,7,,,,
eb2445b9-9a28-49d8-84b6-7d788e764008,hooter.io,available,38.99,69.99,high,low,6,namesilo,,,21/09/2026 07:22
c7892d54-6d10-41d7-b10b-afd4a05f6d6c,minored.io,available,,,medium,low,7,,,,
60703d2b-2557-4d33-850d-cfb31f5206da,offend.io,resell,,,medium,low,6,,,,28/09/2026 18:28
1f6781f4-edb5-4d6e-b318-dedf786ba997,womanism.io,available,,,high,high,8,,,,
01bdf72e-385b-4c88-9be2-69027ebd099e,leatherlike.io,available,,,high,high,11,,,,
47aeacb0-a562-41fc-a90f-cc35084d4f3e,salzburger.io,available,,,high,high,10,,,,
5c38a5c1-5c35-424c-a50a-1a5e287f5a71,avenged.io,available,38.99,69.99,high,low,7,namesilo,,,06/10/2026 17:27
4fb4f96e-b2b6-497b-b74a-1ca3779ac6a5,sheen.io,resell,,,high,low,5,"Spaceship, Inc.",13/06/2020 14:30,13/06/2027 14:30,02/10/2026 16:44
7539f03c-88b7-4be5-a2b5-88ca8a77b362,wont.io,resell,,,high,low,4,,,,07/10/2026 07:03
2aa120c3-f454-4418-bd9e-aea97d2aac19,nunthorpe.io,available,,,high,high,9,,,,
ea6c49d8-d1d9-4371-8e00-6cdec9f484a6,hardtack.io,available,,,high,high,8,,,,
c062176e-fd9c-418b-ba24-14e83b659aff,noypi.io,available,,,high,high,5,,,,
d7784a75-84e5-4d84-a9df-d3c90c7d3911,dogg.io,resell,,,medium,low,4,,,,04/10/2026 05:20
5ce9abbe-6cc3-4394-ba62-aa839b40f5ec,luxuriously.io,available,,,high,high,11,,,,
dc9e1c81-22ff-4345-a51c-9812dbf6095c,agrology.io,resell,,,medium,low,8,"Wild West Domains, LLC",07/05/2019 13:51,07/05/2027 13:51,26/09/2026 01:27
0a10b9ea-6ff2-4800-97be-9e4c2dfb1ac4,jab.io,resell,,,high,low,3,,,,01/10/2026 20:07
b6638b14-8b7c-4552-88bc-dbc5adadbf93,traumatic.io,available,34.98,75.98,high,low,9,namecheap,,,11/09/2026 19:03
78885766-ac52-4585-b907-22754d000a60,vile.io,resell,,,high,low,4,"Sav.com, LLC",13/09/2020 14:30,13/09/2027 14:30,26/09/2026 09:59
02aed4c6-0463-4a61-b47d-f3fc699c0dd6,excursive.io,available,33.99,69.99,medium,low,9,namesilo,,,17/08/2026 16:39
19588058-533a-4016-87b6-5c2fca0bfcd5,aunty.io,resell,,,high,low,5,"GoDaddy.com, LLC",07/03/2026 17:01,07/03/2027 17:01,26/09/2026 04:08
0b763223-9e77-4de1-812b-1654e07d1805,mandel.io,resell,,,medium,low,6,,,,29/09/2026 16:32
9b91a0ce-cffd-44fa-a807-6c79e853df80,tribesmen.io,available,28.89,53.5,medium,low,9,dynadot,,,07/10/2026 23:18
a8279945-593e-442e-ad76-fbe267c367bb,danvers.io,available,38.99,69.99,medium,low,7,namesilo,,,29/09/2026 22:33
2bfbb1af-756c-43b6-82b2-3cf753228830,centrolateral.io,available,,,medium,low,13,,,,
8efef50b-8f79-468d-ae1a-cdd2cb6d6115,disgrace.io,available,31.98,51.75,high,low,8,spaceship,,,29/09/2026 15:44
84eb2710-8937-4996-b157-901ca0387ccb,highboys.io,available,,,low,low,8,,,,
7d1cbbf9-3820-4689-ae29-2a29e44a1a08,takes.io,resell,,,high,low,5,"Sav.com, LLC - 18",23/12/2025 15:16,23/12/2026 15:16,03/10/2026 18:23
ad7c7756-848c-46cd-be04-553644774b50,mouths.io,available,38.99,69.99,medium,low,6,namesilo,,,18/09/2026 08:01
95b2ec27-69be-48da-9af4-002198a57e2f,lightyears.io,available,,,high,medium,10,,,,
1ba2507b-3fcf-4f33-a1f8-4b771b4fc399,tyumen.io,available,28.89,53.5,high,low,6,dynadot,,,06/10/2026 22:45
2e901e0b-fc54-408f-825c-fb45ffc5951e,dufferin.io,available,31.98,51.75,medium,low,8,spaceship,,,04/10/2026 06:37
d1a65405-3eca-443d-a934-ae9bca8d1156,clock.io,resell,,,high,low,5,"GoDaddy.com, LLC",16/02/2007 08:14,16/02/2027 08:14,29/09/2026 10:09
2dbffa2f-6d5f-4060-b250-18de89240064,gamelike.io,resell,,,high,high,8,"Sav.com, LLC",12/02/2026 21:34,12/02/2027 21:34,26/09/2026 06:19
9341a806-1ddc-43a5-a08c-d4fc5b483561,bronchial.io,available,33.99,69.99,medium,low,9,namesilo,,,11/08/2026 05:35
05300a93-8233-400d-abe9-938ab6111bc7,guru.io,resell,,,high,low,4,1API GmbH,04/05/2006 14:10,04/05/2027 14:10,29/09/2026 13:00
2a0bc74d-5447-499e-99ad-6db93b86b77c,equipped.io,resell,,,high,low,8,"GoDaddy.com, LLC",19/06/2019 11:21,19/06/2027 11:21,26/09/2026 05:52
bdc44620-c746-47a8-bce9-db1510d168d8,micronutrient.io,available,,,high,high,13,,,,
a3ea4648-b889-4590-afd7-cd571e2ee97b,telegraphs.io,available,,,medium,low,10,,,,
59a49e48-a994-4dc1-8fb6-7cf44524b26f,periodicals.io,available,28.12,51.8,medium,low,11,porkbun,,,03/10/2026 18:39
32550a87-c1db-4b11-851b-c4a65992f3c4,marietta.io,resell,,,high,low,8,,,,28/09/2026 04:02
bdc5bcd7-f1e2-4913-bd5b-6005fe1a4e2d,ironwort.io,available,,,high,high,8,,,,
6a7fea85-0450-4e5d-80cd-45d7ef74ddc4,unreached.io,resell,,,high,low,9,"GoDaddy.com, LLC",15/03/2026 17:01,15/03/2027 17:01,26/09/2026 09:52
d045bf1a-41ea-4d88-b35b-c09d8edf5698,frankfield.io,available,,,high,high,10,,,,
a01b4d40-6dbb-4c38-bd33-fc443442d0a9,monologues.io,available,29.99,69.99,medium,low,10,godaddy,,,08/10/2026 00:31
671b1dba-2a56-4b1d-b32f-5f5bb44016cc,abrasive.io,resell,,,high,low,8,"Spaceship, Inc.",31/07/2021 14:31,31/07/2027 14:31,04/10/2026 23:06
82f5ca9f-a147-4d79-b110-4538f27e583a,generalize.io,available,32,50,high,low,10,cloudflare,,,06/10/2026 03:12
16e5f21e-f121-46dd-ba73-899bace4bb93,eighties.io,resell,,,high,low,8,"GoDaddy.com, LLC",06/03/2021 02:44,06/03/2027 02:44,26/09/2026 05:46
e685aa42-7c13-4bf1-8315-ab8156c1b8ba,ifrs.io,resell,,,medium,low,4,,,,06/10/2026 21:38
69976d7b-01bd-4ee0-8af7-5c3d4aadf6f7,godhood.io,available,,,high,high,7,,,,
ccf62fa4-3a1e-49c1-a432-4c161a30c5be,cement.io,resell,,,high,low,6,"humbly, LLC",17/06/2015 02:11,17/06/2027 02:11,29/09/2026 07:46
3f8429a6-3d59-47e6-8738-adbebd74d3c6,jungly.io,available,31.99,69.99,high,low,6,namesilo,,,22/08/2026 14:27
7addf505-c0cb-43ef-a7ed-ad1e3a59ae8f,watsonville.io,available,38,,medium,low,11,unstoppable,,,05/10/2026 07:08
c225fd2a-7b67-4a65-b5d6-c3d9384314e6,jin.io,resell,,,high,low,3,,,,28/09/2026 07:26
de093e43-c33c-400e-9ae2-5bc82bfe989c,apolitical.io,available,38.99,69.99,high,low,10,namesilo,,,06/10/2026 01:24
6159551f-9f4c-4244-b2c3-aa977b05e8b0,worrisome.io,available,33.99,69.99,medium,low,9,namesilo,,,14/08/2026 13:21
c13ad35f-4c61-4bdc-a617-084fabe47bf8,unhand.io,available,,,high,high,6,,,,
2c881165-d7fc-45d6-95ce-be9b8fa65444,facie.io,available,,,high,high,5,,,,
32715923-3aae-42e6-814d-6afef973f6b1,purposely.io,resell,,,high,low,9,"GoDaddy.com, LLC",21/05/2019 23:54,21/05/2027 23:54,26/09/2026 08:25
f5770343-0a8b-4385-af40-f7bc962745ad,balloonless.io,available,,,medium,low,11,,,,
950987f1-2739-4c81-9d33-576d1c5ee985,yemeni.io,available,34.98,75.98,high,low,6,namecheap,,,13/09/2026 14:34
b5813101-8fe8-49fe-ae89-5210e24b7f82,lumbar.io,resell,,,high,low,6,"GoDaddy.com, LLC",26/04/2025 20:27,26/04/2027 20:27,26/09/2026 07:20
626dd87d-15d9-40ed-91dd-9d5a72054044,horselaughter.io,available,,,medium,low,13,,,,
fa20605e-9fad-409e-b828-2c804101956a,kent.io,resell,,,high,low,4,,,,27/09/2026 14:35
cd36c6ba-d4d0-40c4-b907-279f53d21358,infertile.io,available,31.99,69.99,high,low,9,namesilo,,,22/08/2026 04:24
b91856ba-669b-4448-9e30-95e402da0c2a,untanned.io,available,34.98,75.98,medium,low,8,namecheap,,,12/09/2026 21:00
10f4a7d4-89c7-48d4-bed5-4464312112bc,locken.io,available,,,high,high,6,,,,
0c79cf7f-7a91-4ae8-855e-da53168cb811,pubescence.io,available,31.98,51.75,high,high,10,spaceship,,,05/10/2026 02:21
81a36e7b-907e-423f-9849-63ceb01f2cea,rehearse.io,resell,,,high,low,8,,,,01/10/2026 04:23
8c78883b-2b30-4447-b054-3ea064e4135e,tempra.io,resell,,,high,low,6,"GoDaddy.com, LLC",22/02/2026 17:00,22/02/2027 17:00,26/09/2026 09:34
94589953-1b15-43c3-b382-8d0c6dae7a21,brutus.io,resell,,,high,low,6,,,,01/10/2026 18:49
2203dd55-5fee-4cb3-b956-cff9d03a4007,jutland.io,available,34.98,75.98,high,low,7,namecheap,,,22/09/2026 15:18
36787f70-12e5-415d-9361-2d7c25309345,countrified.io,available,,,high,high,11,,,,
7e27e5f6-8c3c-4107-b48b-cc221176a7ae,sportscoat.io,available,,,high,high,10,,,,
8603e367-33ab-4af2-98aa-6b2f84878dbc,tumbleweed.io,resell,,,high,low,10,"GoDaddy.com, LLC",18/12/2017 02:14,18/12/2026 02:14,26/09/2026 09:48
95b38778-89e7-4810-9a9a-9dd65a196d60,seepage.io,available,34.98,75.98,high,low,7,namecheap,,,04/09/2026 15:38
26ae725a-1105-4791-86be-42fc60f2ad22,fell.io,resell,,,high,low,4,"GoDaddy.com, LLC",14/02/2019 10:10,14/02/2027 10:10,07/10/2026 00:03
78222a50-9193-41ec-9596-c169e2f53acc,athole.io,available,,,high,high,6,,,,
2eeb32d5-10b8-4e31-a830-fb72e31fd5ab,goretex.io,available,,,high,high,8,,,,
38212fa4-08a6-49ec-bfa0-8cc590e787c4,approaches.io,available,38.99,69.99,high,low,10,namesilo,,,01/10/2026 16:38
074dc0d0-6d9e-42f2-92eb-cd9435498f11,cossack.io,available,,,high,high,7,,,,
3bda5157-41d5-4597-8f69-8d783ff7cae4,sargon.io,resell,,,medium,low,6,,,,03/10/2026 15:02
ca58d859-cb93-47ce-b259-d2994962f50f,lowercase.io,resell,,,high,low,9,"NameCheap, Inc.",02/01/2016 07:49,02/01/2027 07:49,26/09/2026 07:20
a005e25c-c264-405e-9b6a-797d40c90b77,emergent.io,resell,,,high,low,8,Above.com Pty Ltd.,03/11/2021 19:36,03/11/2028 19:36,26/09/2026 05:48
a37a0c18-75c0-45ef-8088-42209c1dbab8,resistible.io,available,34.98,75.98,medium,low,10,namecheap,,,09/09/2026 15:20
d1a5f80f-f838-42ad-b5e1-f685b7a59143,rascals.io,resell,,,medium,low,7,,,,07/10/2026 03:05
1d957240-abbb-441d-a110-1272ff3380f4,gathered.io,resell,,,high,low,8,"GoDaddy.com, LLC",21/12/2018 09:23,21/12/2026 09:23,26/09/2026 06:20
f1f4ee8b-4bd8-47cb-84ab-dd9218276cb4,ablaut.io,available,38.99,69.99,medium,low,6,namesilo,,,16/09/2026 16:06
33107263-158b-47d9-98f1-7c5e76bec052,romaja.io,available,,,high,high,6,,,,
31dad584-36ff-4f07-9172-f40a796e216c,fatally.io,available,34.98,75.98,medium,low,7,namecheap,,,14/09/2026 17:51
04f99c55-7585-4785-a8b4-265f841911a7,doggedness.io,available,,,high,high,10,,,,
dc2e1abc-36f5-46f7-b19c-d3e0ae807185,insurgency.io,available,38.99,69.99,high,low,10,namesilo,,,06/10/2026 01:37
7d1a68a1-9a0e-4c3d-9d59-0631c70accbc,despise.io,available,38.99,69.99,high,low,7,namesilo,,,29/09/2026 15:39
b88da150-8a3f-4f5b-a1b3-477aa5a156b8,starks.io,resell,,,high,low,6,,,,03/10/2026 18:18
3e101e93-df3a-4644-b95f-7f2af0252629,enameling.io,available,44.99,73.99,high,high,9,name.com,,,
505064f3-f78b-4d99-8826-e623b8230ac2,kickstands.io,available,,,medium,low,10,,,,
61f78d73-75cc-421f-8087-1f232bc17431,pci.io,resell,,,high,low,3,,,,28/09/2026 11:26
6cf11a40-965a-47f8-a5b5-8cce5f574602,piacenza.io,available,31.98,51.75,medium,low,8,spaceship,,,02/10/2026 08:21
afd4f49d-3318-46ea-b551-f20d3e85df14,prosy.io,available,34.98,75.98,medium,low,5,namecheap,,,08/09/2026 12:32
ff300c5a-e1e6-4795-8d69-2dde1aae1018,outwear.io,available,34.98,75.98,medium,low,7,namecheap,,,13/09/2026 09:15
8a897416-a049-458e-bdba-d2f577ef4f46,bujj.io,available,,,medium,low,4,,,,
f24750c3-e038-4685-9577-1ff6c60cb643,disentangling.io,available,,,high,high,13,,,,
a88bfd1d-0e9c-44bb-a576-38a714fcd43e,cowhide.io,available,,,high,high,7,,,,
a5140211-1533-40c5-a912-72cc61e0745e,shoveling.io,available,,,high,high,9,,,,
784dc030-0403-49a1-8cd0-05c50a2f0aa5,through.io,resell,,,high,low,7,"eNom, LLC",13/03/2016 00:30,13/03/2027 00:30,26/09/2026 09:37
c40f0440-08c5-492c-86af-7a621da7d28a,redefines.io,available,,,medium,low,9,,,,
badff0bd-7bf1-49ca-bf6d-079fbc3d7923,successes.io,available,38.99,69.99,high,low,9,namesilo,,,03/10/2026 09:40
8533858c-2cce-4cea-ab41-b2d223c8bb47,choctawan.io,available,,,high,high,9,,,,
65f91cb6-a581-4114-97a3-649bf23f01e8,querencias.io,available,,,medium,low,10,,,,
d164409a-c7c5-42ee-b2fd-5723d45e661f,adorably.io,available,34.98,75.98,high,low,8,namecheap,,,13/09/2026 17:21
39e57853-8f3f-4b6d-818d-d9471f6b07f3,calvinist.io,available,33.99,69.99,high,low,9,namesilo,,,11/08/2026 15:24
883c2643-d62e-474a-829f-166f8bf830dc,gougu.io,available,,,high,high,5,,,,
f0dda359-f3d2-4b56-8f07-d62e77734fcd,salle.io,resell,,,high,low,5,,,,01/10/2026 05:06
2aa9b7ac-331b-4533-9bd9-4adc4ed2c02b,veronal.io,available,38.99,69.99,medium,low,7,namesilo,,,22/09/2026 04:56
7efdea29-8691-485c-81f3-99eb5ba4a1d5,lighterman.io,available,38.99,69.99,high,low,10,namesilo,,,22/09/2026 05:46
d0de86fa-20d0-4343-bfb8-8250bbb177b7,ingres.io,available,32,50,high,low,6,cloudflare,,,03/10/2026 20:30
4130aed7-f2c1-4270-a73f-c38afb135cf4,ropy.io,available,34.98,75.98,high,medium,4,namecheap,,,09/09/2026 18:37
193e6fd6-c07e-4ba5-b5ca-05a7ebe546af,menopause.io,resell,,,high,low,9,,,,30/09/2026 16:40
366ff8c7-e488-4b4c-9407-2009d246cf23,unflawed.io,available,33.99,69.99,high,low,8,namesilo,,,18/08/2026 07:21
18164479-74aa-4158-b53b-8b4be40d6157,tanabe.io,available,38.99,69.99,medium,low,6,namesilo,,,07/10/2026 17:19
37a7ec45-0f69-4ad0-b119-30ceb3ea809f,monosugar.io,available,,,high,high,9,,,,
544a6cc1-7e3d-446e-8910-ac6835fbaaa3,arima.io,resell,,,medium,low,5,,,,04/10/2026 06:37
3f76083b-2e50-46f5-9b2f-9636eed9f5de,gorkiy.io,available,,,high,high,6,,,,
823266e1-9ec9-454f-b294-ab9861d40c06,pinners.io,available,,,medium,low,7,,,,
75250300-ccd8-45a6-aae7-db29d2bb5aad,franchiser.io,available,,,high,high,10,,,,
4b2b4527-78d5-440d-87d9-29f28e9a72e2,expansionless.io,available,,,medium,low,13,,,,
b23b223a-2fcf-4c9a-952b-30d6d8e768ea,varicose.io,available,34.98,75.98,medium,low,8,namecheap,,,13/09/2026 01:20
072a7253-c8e6-4bb6-8d2f-f1c0f627a0bc,augustus.io,resell,,,high,low,8,"GoDaddy.com, LLC",04/09/2019 10:06,04/09/2027 10:06,26/09/2026 04:08
15eeaf3b-5641-45af-9030-9746865be725,tenderhearted.io,available,,,high,high,13,,,,
5e958996-6f68-4b27-bde1-78365fd93915,politics.io,resell,,,high,low,8,Dynadot Inc,19/01/2016 00:30,19/01/2027 00:30,27/09/2026 05:03
5eef677d-b081-4e84-81c8-5602f25fb02a,chitosan.io,available,,,high,high,8,,,,
252b6000-e344-4c1f-8d44-20fdfac273b9,wheaten.io,available,34.98,75.98,high,low,7,namecheap,,,13/09/2026 11:15
153948ac-3aab-468b-861c-2857fc2f757c,universal.io,resell,,,high,high,9,"GoDaddy.com, LLC",24/01/2018 10:07,24/01/2028 10:07,05/10/2026 00:39
decb4cc3-bd34-42d8-bda9-13fb09f4f726,andromeda.io,resell,,,high,medium,9,"GoDaddy.com, LLC",05/10/2019 14:30,05/10/2027 14:30,05/10/2026 06:15
5d1df506-37c1-42d0-bcfb-7adec893ca04,requiem.io,resell,,,high,low,7,,,,04/10/2026 22:52
017f512d-afca-4f77-9a86-32f01ba5ec2f,cpk.io,resell,,,high,high,3,"GoDaddy.com, LLC",30/03/2017 19:12,30/03/2027 19:12,26/09/2026 05:18
6a590f19-49b3-494f-8ec3-bf66a119d6a4,grannus.io,available,,,high,high,7,,,,
05eb500a-6749-4f4b-bc9c-4e32cb9fdae1,shockproof.io,resell,,,high,high,10,Realtime Register B.V.,23/05/2021 13:36,23/05/2027 13:36,26/09/2026 08:59
53d2b8ba-6f18-4a1b-a28a-31e1ec02f15b,many.io,resell,,,high,low,4,Dynadot Inc,28/08/2020 14:30,28/08/2027 14:30,26/09/2026 07:25
a08e4f7e-eff7-4742-91d4-a711ee0d2ad7,fredericktown.io,available,38.99,69.99,high,high,13,namesilo,,,25/09/2026 10:21
51cf829a-03db-45ac-92c6-1616b2669239,visored.io,available,34.98,75.98,medium,low,7,namecheap,,,13/09/2026 06:15
ba86fd58-1f8c-423d-8fe7-2a676bdb492d,youthfully.io,available,38.99,69.99,medium,low,10,namesilo,,,16/09/2026 11:49
9c603658-c7ec-428a-be38-e47e57a59c98,cuthbert.io,resell,,,medium,low,8,,,,29/09/2026 03:58
d6377b90-a1ee-4cf7-8e24-154329ee5f12,offer.io,resell,,,high,low,5,Dynadot Inc,01/09/2020 14:31,01/09/2027 14:31,26/09/2026 07:52
b0c96fbe-6c58-4022-a8e2-0d91233a42cf,manuela.io,resell,,,high,low,7,,,,02/10/2026 19:56
6878cf2e-9de0-432e-b21a-114c2adfbdb4,hypothermia.io,resell,,,high,low,11,,,,02/10/2026 21:51
bddaa647-ebfb-425d-9664-66443e7dd762,factions.io,resell,,,medium,low,8,,,,01/10/2026 00:34
c5731e8a-9dfb-430d-a501-05e87499164b,echogenic.io,available,,,high,high,9,,,,
3cca66ac-25e1-4f98-9d7e-bfccb6e50039,subvariety.io,available,,,high,high,10,,,,
8c42e1f5-d541-4186-976f-c12327e8b682,elan.io,resell,,,high,low,4,"NameCheap, Inc.",12/08/2014 16:13,12/08/2027 16:13,26/09/2026 05:46
027a5a40-fa0e-4c9b-873f-2394b04f31dd,marshmallow.io,resell,,,high,low,11,"GoDaddy.com, LLC",07/05/2014 01:18,07/05/2027 01:18,04/10/2026 14:09
7c362041-74cf-43bb-b88d-21704176806c,goldbricker.io,available,,,high,high,12,,,,
99919e2c-b308-44c0-9a64-ae67d251af89,turkish.io,resell,,,high,low,7,"Spaceship, Inc.",26/06/2016 07:04,26/06/2027 07:04,26/09/2026 09:48
21f57df7-ab00-402b-969e-96b89d79fc5a,nominatives.io,available,,,medium,low,11,,,,
373e99a5-7bf8-4484-88ce-3d0e458adcb9,grownup.io,resell,,,medium,low,7,"Spaceship, Inc.",20/05/2023 08:08,20/05/2027 08:08,07/10/2026 19:50
7afc6d46-400c-44bb-ac18-46497a276f7e,dwelling.io,resell,,,high,low,8,"GoDaddy.com, LLC",02/07/2019 14:52,02/07/2027 14:52,29/09/2026 17:19
494b159e-cf0e-4301-89ee-5b1a655960c9,cashes.io,available,,,medium,low,6,,,,
c3f66009-0e7d-46b4-b8da-881819049b35,sassy.io,resell,,,high,low,5,"GoDaddy.com, LLC",15/04/2018 10:15,15/04/2027 10:15,26/09/2026 08:49
9c2cea76-fc11-4ee8-aefc-aeb7467a97f6,stilbite.io,available,,,high,low,8,,,,
607a6879-ad6d-44c1-940b-302e5f41fc28,ferial.io,available,33.99,69.99,medium,low,6,namesilo,,,18/08/2026 01:56
5f0938b1-998d-49dc-9e61-44d22c4da5c4,coneless.io,available,,,medium,low,8,,,,
f80d54eb-3f35-4c52-a769-0516126c8781,jockeying.io,available,,,high,high,9,,,,
e9f914f4-81f7-4d79-88ea-abd377929eae,woodchopping.io,available,,,high,high,12,,,,
caac16d6-cc33-4eaf-b986-ab7524a5dfe1,statehouse.io,available,,,high,high,10,,,,
c4f78d77-5c5e-4299-b9cc-a6299e45ac5e,arrows.io,resell,,,high,low,6,"NameCheap, Inc.",13/01/2017 00:30,13/01/2027 00:30,26/09/2026 04:02
e5eef111-d618-4d78-aade-8201bb7a22ef,strengthening.io,available,32,50,high,low,13,cloudflare,,,30/09/2026 19:59
5c8d1aa8-62ad-421a-abce-b81dc8f0107b,facetiously.io,available,,,high,high,11,,,,
6ab8a695-b243-423b-be17-d75e50788eef,abm.io,resell,,,high,low,3,"Spaceship, Inc.",10/08/2019 10:05,10/08/2027 10:05,26/09/2026 01:18
753d2d64-bf9b-402d-ac54-4fbca8a06e09,etrading.io,resell,,,high,medium,9,"Sav.com, LLC",19/08/2020 14:31,19/08/2027 14:31,26/09/2026 05:54
48f4f757-f809-41cf-8f38-24cb6c7ac5af,washy.io,resell,,,medium,low,5,"GoDaddy.com, LLC",09/03/2026 17:01,09/03/2027 17:01,08/10/2026 00:35
580f3479-2eb6-4cc1-9dcf-12db7b2ffe56,confuter.io,available,,,high,high,8,,,,
29e7a9a1-0783-468f-9bff-3d47e4c1995e,craven.io,resell,,,medium,low,6,"GoDaddy.com, LLC",10/01/2026 17:00,10/01/2027 17:00,26/09/2026 05:18
5f4780ce-7628-4540-9612-ba4cfcc434e6,ascertainable.io,available,,,high,high,13,,,,
f2b6b1cc-9734-4326-a582-fac00cfb8e3a,kosciuszko.io,available,32,50,high,low,10,cloudflare,,,06/10/2026 01:49
794e6807-e325-49e1-93de-3ebda0960b71,milliliter.io,available,33.99,69.99,high,low,10,namesilo,,,11/08/2026 22:53
0ed90af7-b440-488d-be41-25343dae2de5,histrion.io,available,34.98,75.98,medium,low,8,namecheap,,,11/09/2026 13:07
0ad8ff27-6670-4268-8d9b-bfbe15a1bdf5,unselected.io,available,34.98,75.98,medium,low,10,namecheap,,,12/09/2026 19:14
f6c38db8-178f-41d4-904c-b596681f3dfb,streaks.io,resell,,,medium,low,7,,,,01/10/2026 17:47
0025ac9e-07ce-4cdc-9149-1386f20a8318,pressie.io,available,,,high,high,7,,,,
0bc9ce17-1f9d-424d-9a50-6402aa36576f,tile.io,resell,,,high,low,4,"GoDaddy.com, LLC",01/08/2014 00:30,01/08/2027 00:30,30/09/2026 10:23
423b6677-c5da-4737-ad7d-515e7b9541bf,luristan.io,available,,,high,high,8,,,,
03aef6a8-3589-44e5-8ee2-a17f266b06b1,mmc.io,resell,,,high,low,3,,,,02/10/2026 20:05
5a02040f-6e91-446b-b653-62cd2cda61c9,pyramid.io,resell,,,high,low,7,"GoDaddy.com, LLC",18/07/2023 18:28,18/07/2027 18:28,26/09/2026 08:26
094b5f41-28b3-4f57-a21f-1f64d933e953,girllovers.io,available,,,medium,low,10,,,,
a98bdcee-4888-4b81-be91-4eed63e3f638,eggnogs.io,available,,,medium,low,7,,,,
d35ff074-ed06-42e1-b95b-b52fd88c8e95,kerchoo.io,available,,,high,high,7,,,,
c3c4467f-3b8a-4f38-98f4-549face2d6ac,biasing.io,available,31.98,51.75,high,low,7,spaceship,,,05/10/2026 16:49
76d26cb9-8764-4737-9481-12fc263298b1,friendmaking.io,available,,,high,low,12,,,,
c925f33e-b729-4fed-b265-6c2cc1278fae,ridiculously.io,available,34.98,75.98,high,low,12,namecheap,,,03/10/2026 13:23
0a065555-11e2-43a4-b050-cd22681f911a,breakfastware.io,available,,,high,high,13,,,,
ac36d111-e658-4dbf-b200-83f8ec1956fd,pisa.io,resell,,,high,low,4,,,,03/10/2026 11:55
8f63f25e-dc20-47b2-b1c9-e976986f24f9,ridgel.io,available,,,high,high,6,,,,
4b59d982-7367-4c33-b112-d8fac076d666,quarantined.io,available,38,,medium,low,11,unstoppable,,,05/10/2026 07:38
9237f037-79c4-41cd-a486-8db9d35e1d9c,cavell.io,available,38.99,69.99,high,low,6,namesilo,,,06/10/2026 00:20
0c626b3a-bb7d-4545-ad1d-600cb21365d3,billboards.io,resell,,,medium,low,10,,,,03/10/2026 18:28
1d01abf3-d909-4c4a-b952-54fc1278b718,emanuel.io,resell,,,high,low,7,"GoDaddy.com, LLC",19/02/2020 14:30,19/02/2027 14:30,26/09/2026 05:48
a33c028d-17ad-465c-8e1f-92a0041b3a84,baptisia.io,available,34.98,75.98,high,low,8,namecheap,,,22/09/2026 03:24
6569d320-7dc1-46d9-a92a-9a6d369d73fe,bookchest.io,available,,,high,high,9,,,,
c71bc91c-81a8-4d45-907d-b80b2ac7906d,soulfully.io,available,38.99,69.99,high,low,9,namesilo,,,16/09/2026 05:30
2b69c99f-0c74-476d-b546-fc44dd8d4008,regathers.io,available,,,medium,low,9,,,,
cbfd76b2-5ff5-41e6-a128-d05e7befa761,hashshashin.io,available,,,medium,low,11,,,,
7762b584-c554-4bb9-bbc7-ae4aa63172ce,solway.io,resell,,,medium,low,6,,,,06/10/2026 09:04
7a961f5e-8908-4bc1-926a-52104e045549,darlings.io,resell,,,low,low,8,,,,07/10/2026 23:05
86fe6b5b-930e-4d8d-a993-6d7ebae46785,intimacies.io,available,,,medium,low,10,,,,
0e1432dc-9eda-4736-8d0f-7e6d9d7781b1,clocks.io,resell,,,high,low,6,"Spaceship, Inc.",27/10/2024 15:15,27/10/2027 15:15,26/09/2026 05:00
4879643c-73b1-4f05-b6e0-fa421dfaa3c2,braiding.io,available,,,high,high,8,,,,
06ec98fb-9fd7-4df2-9c24-e4589efb8b85,mauritian.io,available,31.99,69.99,high,low,9,namesilo,,,24/08/2026 17:35
1f74ca67-d2c7-4b12-85b3-229ee4722f11,invulnerability.io,available,,,high,low,15,,,,
4b723011-477a-4807-af34-39ebaa040500,fefo.io,available,,,high,low,4,,,,
3340adec-1e40-4305-a800-7e3a3a1199ca,howie.io,resell,,,high,low,5,,,,29/09/2026 22:05
ade69d04-7ba7-4d1a-ad5e-d04b5b73d383,sailorlike.io,available,,,high,high,10,,,,
22ebba7e-23c7-46c9-9e2f-004b5303e569,quaking.io,available,,,high,low,7,,,,
92797472-ba49-4c19-86b1-ebe76cdc996c,bakeware.io,available,,,high,low,8,,,,
f6f37376-3056-4e68-836f-339349316ca3,reflectorized.io,available,,,medium,low,13,,,,
e65ac209-8cdc-4ff9-82f4-cc15298335e6,flakes.io,resell,,,medium,low,6,,,,30/09/2026 23:20
cae04181-d84f-41e2-91a6-c4e21300efc4,abrachia.io,available,38.99,69.99,medium,low,8,namesilo,,,16/09/2026 16:47
df043d01-0486-46eb-a742-5235733cc529,patrolwoman.io,available,,,high,high,11,,,,
4484feeb-a3a2-43a2-8516-4df2c8d0a46e,deceitful.io,available,34.98,75.98,medium,low,9,namecheap,,,13/08/2026 21:06
3166ea2a-378e-4994-b753-5c48f500522d,compositing.io,available,38.99,69.99,high,low,11,namesilo,,,07/10/2026 21:22
665b3b68-4811-46e1-a23c-cd98fedc91df,freud.io,resell,,,medium,low,5,,,,28/09/2026 09:49
30be197e-1898-420a-bfa0-6555b25a538b,azide.io,available,38.99,69.99,high,low,5,namesilo,,,21/09/2026 11:12
c9dbd071-f7f5-49c0-853c-e5dc4877fce4,styling.io,resell,,,high,low,7,"humbly, LLC",13/05/2018 22:29,13/05/2027 22:29,26/09/2026 09:22
ae64d48e-79c6-40d7-985b-613a9dcba83e,toil.io,resell,,,high,low,4,,,,02/10/2026 14:53
102aafa2-db0c-4471-8e20-30dae802e824,csi.io,resell,,,high,low,3,,,,01/10/2026 22:38
978d45f8-92b4-425a-9796-6b0b4e500956,satanic.io,available,38.99,69.99,medium,low,7,namesilo,,,24/09/2026 05:47
b6388974-50dc-4283-9cc6-55e6c299fdce,plowland.io,available,,,high,high,8,,,,
79ebcdb0-70e1-4796-877d-066170b0ec6d,clitlicker.io,available,31.98,51.75,medium,low,10,spaceship,,,02/10/2026 06:00
33a0c78c-bd76-4c09-a8ae-4a0e305237d7,overload.io,resell,,,high,low,8,,,,29/09/2026 13:38
ae91cea9-ebfe-4846-acbc-a22e11728a44,wants.io,resell,,,medium,low,5,"Spaceship, Inc.",28/09/2019 18:20,28/09/2027 18:20,29/09/2026 04:41
004978de-dfcc-4d08-ac4d-3ebb3b82d3ef,infinitesimally.io,available,,,high,high,15,,,,
3ecfff91-21a0-4b2a-84bd-0ddb08445f87,ambrosial.io,available,38.99,69.99,high,low,9,namesilo,,,05/10/2026 17:26
4e3f75be-37da-4543-8572-46b51390f538,wind.io,resell,,,high,low,4,GoDaddy Online Services Cayman Islands Ltd.,26/01/2012 23:44,26/01/2027 23:44,28/09/2026 10:39
ae8af70b-f438-41ae-a57b-659634281239,idoliser.io,available,,,high,high,8,,,,
51102339-6564-460f-99a1-f5095f16543a,madagascan.io,available,31.99,69.99,high,low,10,namesilo,,,24/08/2026 12:55
80e7e9f0-c742-49fc-a4cb-4695bbd03212,conglobate.io,available,,,high,high,10,,,,
48f53a19-0140-4dab-a5bb-f690bf047674,tite.io,resell,,,high,low,4,,,,06/10/2026 05:43
a1dcd6d1-92ae-4b0a-b94b-f6700bea3ff1,rung.io,resell,,,high,low,4,"Spaceship, Inc.",26/07/2018 10:20,26/07/2027 10:20,01/10/2026 21:34
9f501e78-3899-49ac-b4c6-906d9aaf983a,primarily.io,resell,,,medium,low,9,"GoDaddy.com, LLC",21/05/2020 03:16,21/05/2027 03:16,28/09/2026 13:51
effd3f3e-bae9-4431-855b-e99bec6df352,epicene.io,available,33.99,69.99,medium,low,7,namesilo,,,12/08/2026 08:38
579d14fb-a122-442f-b1a5-e221721510d5,discounter.io,resell,,,high,low,10,Super Registry Ltd,19/12/2019 14:30,19/12/2026 14:30,06/10/2026 08:51
eb31bcd1-8674-4b83-b68c-6e7984748c56,extroversion.io,available,,,high,low,12,,,,
058cfcde-cd8a-495c-a7b4-1fb1fb5595eb,footers.io,available,34.98,75.98,medium,low,7,namecheap,,,25/09/2026 10:05
e6c2a650-aa00-4f47-a832-4da445e9df55,oohing.io,available,,,high,high,6,,,,
79955c4b-71fb-4d13-9c07-647df0b6a965,ooze.io,resell,,,high,low,4,Dynadot Inc,22/02/2020 14:30,22/02/2027 14:30,26/09/2026 07:54
523e17ee-bc03-45c0-9b60-e08c4ec86fdc,compulsorily.io,available,,,high,high,12,,,,
ac23fbc0-db7b-4488-8c48-ac08b2a2d974,statesboro.io,available,,,high,high,10,,,,
01e54770-6174-459e-bcff-184b11c6707c,pressley.io,available,31.98,51.75,medium,low,8,spaceship,,,06/10/2026 08:18
36f06747-faac-410a-8ea4-b2582ff26fd2,squealed.io,available,38.99,69.99,low,low,8,namesilo,,,20/09/2026 17:30
0a9a7ab8-53e4-4d47-a05a-d1a4e211d5b1,inculcate.io,available,,,high,high,9,,,,
d7bfd0a2-f7e3-4e00-b7a4-350d7fb5da74,undertake.io,resell,,,high,low,9,"Sav.com, LLC - 39",07/02/2023 17:00,07/02/2027 17:00,26/09/2026 09:51
0a6f5ecc-f9d5-490b-b85a-3c22ced5e111,varicella.io,available,38.99,69.99,medium,low,9,namesilo,,,24/09/2026 14:29
cd85c1ad-161e-44db-a509-842e54210fa2,javabean.io,available,38,,high,high,8,unstoppable,,,29/09/2026 02:15
7d29347c-4d29-4b1a-a124-8769ec5c69f6,frenching.io,available,,,medium,low,9,,,,
d8411cdd-1cf9-413f-b44f-29841b19c09d,decelerate.io,available,34.98,75.98,high,low,10,namecheap,,,10/09/2026 11:21
4eda7447-6621-4936-9a96-829e93fd00d3,amyloid.io,available,31.98,51.75,high,low,7,spaceship,,,05/10/2026 18:56
b7555082-60f0-496d-973e-9263cd01c0ae,womandom.io,available,,,high,high,8,,,,
219bf22f-f619-452d-969e-c886f9ce6471,clandestine.io,resell,,,high,low,11,,,,02/10/2026 17:35
dd7cd456-0256-4d0d-8468-ab1002bba4f2,fastballs.io,available,,,high,low,9,,,,
0463ca16-bb9d-475f-90d6-372a5f5f13e5,ronson.io,available,31.98,51.75,high,low,6,spaceship,,,04/10/2026 15:15
a71d44d5-53dc-4142-b734-f1ea1b6f6881,batwing.io,available,38.99,69.99,medium,low,8,namesilo,,,07/10/2026 02:59
e9e31fbc-69c4-4e6d-81a0-c3f95b4a2a9b,bulb.io,resell,,,high,low,4,"Sea Wasp, LLC",10/03/2015 00:30,10/03/2027 00:30,29/09/2026 05:14
4e36d539-f65c-4d2b-af61-8cca11265af0,sheppard.io,resell,,,high,low,8,,,,27/09/2026 08:04
cc5b758f-92f2-4bb4-8847-741f3731e682,moros.io,resell,,,medium,low,5,,,,05/10/2026 06:23
294aa9c6-06a1-4655-bb1e-2e7f7a98b1a1,veritable.io,resell,,,high,low,9,"GoDaddy.com, LLC",16/02/2024 17:24,16/02/2027 17:24,04/10/2026 14:04
da126320-4ed7-4d99-8cce-39015d67fe9d,degerm.io,available,,,high,high,6,,,,
9576147c-ec23-4fc9-ae1f-d4d362480f47,handseled.io,available,,,medium,low,9,,,,
1ccdb1ce-7727-40a3-8c3e-e5ddf5763192,fearful.io,resell,53.99,73.99,high,low,7,Dynadot Inc,02/04/2026 14:12,02/04/2027 14:12,26/09/2026 06:02
01170e28-d66e-4e01-b6e9-f952aae63038,persia.io,resell,,,high,low,6,"GoDaddy.com, LLC",08/05/2020 14:30,08/05/2027 14:30,01/10/2026 02:42
22444588-3266-4fa3-8fe6-43df1d7433e0,hammock.io,resell,,,high,low,7,"Sea Wasp, LLC",15/02/2013 12:20,17/05/2027 00:30,01/10/2026 02:23
bb20a208-b471-4451-b2e0-cf5731a6809b,martinsville.io,available,31.98,51.75,high,low,12,spaceship,,,30/09/2026 05:38
5a546630-ec23-40e9-b567-2bbf85c2ecc4,cingulate.io,available,38.99,69.99,high,low,9,namesilo,,,04/10/2026 14:49
2c754072-3c0a-4779-ae03-ef07b7006825,apprehensive.io,available,38,,high,low,12,unstoppable,,,02/10/2026 06:57
42679033-29e1-42b2-a015-b34802da65b6,nrs.io,resell,,,high,low,3,,,,04/10/2026 15:46
9aa2bd0c-8fb6-4be6-97de-3d6752a1c90a,womanhandle.io,available,,,high,high,12,,,,
c917c9b2-3a15-401b-9f13-89d3b41294fa,pregnancy.io,resell,,,high,low,9,,,,28/09/2026 02:22
a44f1220-eba2-41a7-aab8-96133c6d1458,deteriorating.io,available,32,50,medium,low,13,cloudflare,,,29/09/2026 20:55
47f9b7c6-3054-467a-a266-896c440e0131,tasked.io,resell,,,medium,low,6,"GoDaddy.com, LLC",21/04/2015 12:54,21/04/2027 12:54,26/09/2026 09:31
33057f6b-92e7-47ad-ad72-eb246d60aa56,typists.io,available,,,medium,low,7,,,,
50dd8001-a8af-44d5-b7f9-ccc1c123a8f3,madrigal.io,resell,,,high,high,8,"GoDaddy.com, LLC",11/12/2024 18:16,11/12/2026 18:16,26/09/2026 07:22
38dd1cc5-6ae6-40ad-90b0-e5960e8774c5,relocates.io,available,,,high,low,9,,,,
bfaddca0-6987-4db1-bf1d-747c739a91f8,clef.io,resell,,,high,low,4,"GoDaddy.com, LLC",10/05/2023 16:15,10/05/2027 16:15,26/09/2026 04:59
3d544209-bf4f-429a-aee0-493d092dfcad,selfsustaining.io,available,,,high,high,15,,,,
8f26fa3a-b64c-404d-b13d-4ae4e9360dca,faculties.io,available,38,,medium,low,9,unstoppable,,,30/09/2026 22:50
b59dd5eb-b2fe-4d97-8659-5fc92a4af6e3,compstall.io,available,,,high,high,9,,,,
45122106-d149-4c93-baac-c5d847cee40a,caltrans.io,available,34.98,75.98,high,low,8,namecheap,,,03/10/2026 15:29
914456ef-a704-49e0-a37f-b8b659de4ad5,spermatic.io,available,34.98,75.98,high,medium,9,namecheap,,,10/09/2026 15:31
411f7f95-6958-4db3-a2a9-1c9630df3a0d,detour.io,resell,,,high,low,6,"GoDaddy.com, LLC",19/12/2018 10:26,19/12/2026 10:26,29/09/2026 14:19
7d1c51b1-0890-4d91-8f25-6cecd892d8d0,divinister.io,available,,,high,high,10,,,,
e7488998-725e-4119-a2c9-d1dc274bab72,vtol.io,resell,,,high,low,4,,,,05/10/2026 15:32
655c66c9-2c9c-4898-9424-934a941e4752,selfassuming.io,available,,,high,high,13,,,,
8d37b1bb-6a72-40db-9d23-54c9040acdc0,bema.io,resell,,,high,low,4,"Sav.com, LLC",20/09/2019 10:09,20/09/2027 10:09,26/09/2026 04:21
347693a1-e43a-4798-86c7-63d65ba0cd58,workingwoman.io,available,,,high,high,12,,,,
3d7fc9fd-1f2b-4c29-b6b8-a5182e54e0d5,comport.io,resell,,,high,high,7,Porkbun LLC,04/01/2023 06:35,04/01/2027 06:35,26/09/2026 05:10
99404597-3fe1-4c77-a42c-99eefcafc169,scathing.io,available,34.98,75.98,medium,low,8,namecheap,,,09/09/2026 22:57
fd100fff-713c-4ea6-a338-a4d11385ec7a,catenulate.io,available,34.98,75.98,medium,low,10,namecheap,,,11/08/2026 21:32
a6d5fd81-2d10-4e30-b440-747d5a5ab623,klaine.io,available,,,high,high,6,,,,
21d2f0cc-042a-49ec-9d08-76ca2f0a2a92,refundable.io,resell,,,high,low,10,Backordr LLC,06/08/2022 17:00,06/08/2027 17:00,02/10/2026 00:56
b6e013f6-b5cd-4757-ba74-ff67550c3ceb,nondominant.io,available,,,high,high,11,,,,
c29509eb-2bb9-4b72-a6a6-4d79ab782ebb,slipover.io,available,,,high,high,8,,,,
051a77e5-4df0-4c0c-8939-f0668c55fdc3,bays.io,resell,,,high,low,4,,,,03/10/2026 17:54
05cd77f6-75e0-4bc8-9d43-1070e78cefa9,parsleys.io,available,,,medium,low,8,,,,
403122ff-9fd0-4319-aa83-b38f8c16933b,undersweep.io,available,,,high,high,10,,,,
f56c5be6-509e-4c0d-9c79-c8b9273b18e7,groundsills.io,available,,,medium,low,11,,,,
9a33b68f-ab23-4f1c-84a0-ddc143d7f265,cpb.io,resell,,,high,low,3,,,,03/10/2026 15:13
a3d035a2-6633-4abe-b84f-e1b2c6fe7889,provisionals.io,available,,,medium,low,12,,,,
50753ba4-e7b0-4034-afcf-d4eed5d094fe,tantaliser.io,available,,,high,high,10,,,,
2e8aacc3-bda5-48f7-8bfc-5e72591bd7d2,sculpturing.io,available,,,high,medium,11,,,,
466065c6-2602-4663-bf56-2588b4ebf419,twofer.io,available,,,high,high,6,,,,
fdf3f043-e31f-43af-8228-85836c920800,stockpot.io,available,,,high,high,8,,,,
937a4b6f-164a-416a-a387-86627ae221ab,invocational.io,available,,,medium,low,12,,,,
91e89508-8c36-4fc3-b591-3c63c59d5f48,undiluted.io,available,,,high,low,9,,,,
d7bf13ca-abc4-4b5d-8bf5-77586778fb4c,orchie.io,available,,,high,high,6,,,,
5adabc20-8b5f-41e1-aeda-d6d0850452ad,grayish.io,available,33.99,69.99,high,low,7,namesilo,,,20/08/2026 18:56
4516490f-589b-4418-aec0-802196296930,megatoronto.io,available,,,medium,low,12,,,,
3bc760fe-52da-4a56-8313-a19dc6c958cc,unskilled.io,available,31.98,51.75,high,low,9,spaceship,,,05/10/2026 17:13
6f5b463f-e357-4c0f-9bae-8642c3bbc355,woodchopper.io,available,,,high,high,11,,,,
f81144b2-664d-42a3-9129-3dc609442cbc,socceroos.io,available,,,high,high,9,,,,
c84c1fbe-c9d1-4c0d-a1ee-093e8d9681fe,deflection.io,available,34.98,75.98,high,low,10,namecheap,,,24/09/2026 21:20
684daa36-905d-482f-8f8f-656e9c90bc64,schwartz.io,resell,,,high,low,8,"Spaceship, Inc.",16/08/2023 17:16,16/08/2027 17:16,26/09/2026 08:51
2a3c4252-4398-4989-a6e6-f1d2b8809f9f,gasahol.io,available,,,medium,low,7,,,,
84c06a0e-985a-415c-a12e-07d2e3bfd4e6,rotating.io,resell,,,high,low,8,,,,29/09/2026 16:17
570d3361-c127-49ca-aad7-352d1c050dc6,fidgeter.io,available,,,high,high,8,,,,
24afb7b1-e166-4eac-b1e9-6a2f878cdd1e,handsomest.io,available,,,medium,low,10,,,,
bb522670-400a-4103-a6f7-425c44a5cb87,gymnasium.io,resell,,,high,low,9,,,,29/09/2026 01:11
d28c7adf-2df3-47a3-a7e7-544fb1641f65,manuscriptal.io,available,,,medium,low,12,,,,
7bec963a-50c8-439f-ab88-77a5c14ccfa7,cyndi.io,available,28.89,53.5,medium,low,5,dynadot,,,06/10/2026 07:36
d2e09041-d4f5-4357-aa04-d31a51c1492a,yeh.io,resell,,,high,low,3,,,,05/10/2026 14:54
a9c6fca4-e379-487c-a96b-fcf5cd36a2bf,stansstad.io,available,,,high,high,9,,,,
ff9e8e4a-9ef4-4ecb-9fcf-3bcc12647043,unquestioningly.io,available,,,high,high,15,,,,
8c538d76-a570-4f05-9fad-8a2a627a9589,knighthoods.io,available,,,medium,low,11,,,,
1ee3efcf-d744-4427-8663-1f6429ff1c8a,displaying.io,available,28.89,53.5,medium,low,10,dynadot,,,01/10/2026 16:09
5219464b-b5c7-42d9-a0c8-b3d52ca3617c,lawcourt.io,available,,,high,high,8,,,,
6199d9af-1961-4072-bf15-6f867eb05e12,musicologists.io,available,,,medium,low,13,,,,
98daafb1-37fd-4a53-8a63-0fa927b5c6b7,smallholder.io,available,,,high,high,11,,,,
d688824a-1c9b-4d1a-895b-4f88dc308fa0,piracy.io,resell,,,high,low,6,,,,01/10/2026 01:12
fa4b29ef-fc73-47d1-9375-995b5a08c05f,goodhumored.io,available,,,high,high,11,,,,
9aafb21b-1eb2-4dab-aa32-6499d9525405,egf.io,resell,,,high,low,3,,,,05/10/2026 05:00
254a1c9a-ea77-4364-8aed-6ec1bdf7ebda,gingerliness.io,available,,,high,high,12,,,,
795c99e9-7a12-4fbf-b573-9116bdb6a2d5,speechmaker.io,available,,,high,high,11,,,,
5c9ff760-864f-48b9-bbce-deb2599a86c5,nationality.io,resell,,,high,low,11,,,,29/09/2026 14:17
da371d41-47c1-45df-915b-22b556a7c48a,bathsheba.io,available,38.99,69.99,high,low,9,namesilo,,,22/09/2026 13:52
e2f10d07-a718-4aa7-85d9-e73b0349eef9,dermoptera.io,available,,,high,high,10,,,,
50892bf8-9a41-4651-9fc0-08a8f2cab30f,ramsgate.io,available,38.99,69.99,high,low,8,namesilo,,,05/10/2026 18:18
672a93c6-cdd2-4609-9d55-15f1fcbe0cd0,drywalled.io,available,,,medium,low,9,,,,
1eb9cb20-d3f8-41b1-88ec-ca74d3aa9cc9,paging.io,resell,,,high,low,6,,,,01/10/2026 19:37
bc5725af-f6e4-49a8-96ce-a6c5d79cdd0d,shellfish.io,resell,,,high,low,9,"humbly, LLC",03/12/2018 17:22,03/12/2026 17:22,30/09/2026 18:03
0dfc1add-6031-48b1-a4d8-5688ff605425,fluor.io,resell,,,high,medium,5,,,,06/10/2026 15:26
d894d230-a073-4ebd-b28c-b3c2a1464a75,plankton.io,resell,,,high,low,8,,,,01/10/2026 21:18
d4ace3af-a6e8-4414-9c0a-2ea2356091f9,nooky.io,available,33.99,69.99,medium,low,5,namesilo,,,18/08/2026 17:29
6bc48acd-fb9f-442f-a19c-c126834ccc53,whittlesford.io,available,,,high,high,12,,,,
018e8dd7-3bc6-4def-9b13-0ae47a27b9a9,bioscience.io,resell,,,high,low,10,"GoDaddy.com, LLC",31/05/2023 17:16,31/05/2027 17:16,26/09/2026 04:26
84f7fbc1-099d-4c38-af96-e7c52a02fb27,lacertid.io,available,,,high,high,8,,,,
6578c013-d4d0-4fbc-a3c7-e7a82e4437e4,napoleonic.io,available,,,high,low,10,,,,
2c0edb18-2d4a-4439-9ca6-672728428e9e,merriment.io,resell,,,high,low,9,,,,05/10/2026 02:32
9e139215-2467-46e5-9d98-e730a1255b1c,grugru.io,available,38.99,69.99,medium,low,6,namesilo,,,17/09/2026 03:33
eb09fe32-69ab-455b-8362-374b1e5d1f33,treecreeper.io,available,,,high,high,12,,,,
e82dcb83-7ccf-4398-8da2-514fde652f68,tutorship.io,available,38.99,69.99,high,high,9,namesilo,,,06/10/2026 02:19
48bb8e92-7a3a-4a98-bf2a-bce457bc5e18,recurved.io,available,34.98,75.98,high,medium,8,namecheap,,,09/09/2026 12:06
361dc713-8576-4c7a-9672-2c30c2efeb67,grotesque.io,resell,,,high,low,9,Dynadot10 LLC,09/07/2019 10:10,09/07/2027 10:10,05/10/2026 23:14
37602fcd-533e-4116-b281-a20b1096eba3,poppadum.io,available,,,high,high,8,,,,
102165fd-b703-4952-b5cd-c1afc80c3788,woncha.io,available,,,high,high,6,,,,
725b9d6b-f52d-49ed-815e-85e085dee56b,mfwic.io,available,,,high,high,5,,,,
702542ba-aedc-4a23-aa8e-002508d47514,barbed.io,resell,,,high,low,6,"GoDaddy.com, LLC",19/07/2026 18:24,19/07/2027 18:24,07/10/2026 00:27
0b720f0f-c843-4ee4-b648-517994659838,kentan.io,available,,,high,high,6,,,,
a287c37f-15bf-4439-b4ff-d704e2124456,alkene.io,available,38.99,69.99,high,low,6,namesilo,,,18/09/2026 08:28
d80a8852-8b51-4a29-8001-de3e7971bc2c,ambiance.io,resell,,,high,low,8,"GoDaddy.com, LLC",31/07/2018 12:41,31/07/2027 12:41,26/09/2026 03:50
369f4cd4-6a83-4bb9-9221-20c5bf5c5a39,fastloader.io,available,,,high,high,10,,,,
411cd0a5-3807-43f4-9d63-01673716cb4f,thornless.io,available,34.98,75.98,medium,low,9,namecheap,,,11/09/2026 14:08
cf07e2b3-67f8-4e88-9378-443652494958,tetrachromatic.io,available,,,high,high,14,,,,
1f2efe4d-5dcb-4ab4-b4d0-0bb1782a81af,damaged.io,resell,,,high,low,7,"NameCheap, Inc.",07/06/2026 20:14,07/06/2027 20:14,26/09/2026 05:24
131bebe9-5c4f-4f50-81fa-ab0410d63f4c,elie.io,resell,,,high,low,4,,,,30/09/2026 20:32
992e368f-b45c-4160-babf-cbab1c857692,deficient.io,available,33.99,69.99,high,low,9,namesilo,,,13/08/2026 23:22
2ddb4908-2b93-47ec-a636-30bb54f5a70d,sail.io,resell,,,high,low,4,"GoDaddy.com, LLC",04/12/2020 20:18,04/12/2026 20:18,29/09/2026 12:14
3e370982-8c86-4cba-a787-e4320f694e02,pedro.io,resell,,,high,low,5,"Spaceship, Inc.",15/07/2022 11:17,15/07/2027 11:17,28/09/2026 03:54
740c3a14-da7e-4895-8058-deba03e3fac0,nuwho.io,available,,,high,high,5,,,,
96241829-a7e1-4e3e-b67b-61a0153eaf63,opine.io,resell,,,high,high,5,"GoDaddy.com, LLC",19/06/2018 10:13,19/06/2027 10:13,26/09/2026 07:55
a76d3482-a381-4558-ae79-4795b186ead1,breastless.io,available,33.99,69.99,medium,low,10,namesilo,,,11/08/2026 03:14
f5a5ea50-22ef-41bd-a370-95254380dadb,doubletree.io,available,,,high,high,11,,,,
20b1c465-d581-42f7-8b63-5be6f680aaf2,steuben.io,available,38.99,69.99,medium,low,7,namesilo,,,22/09/2026 07:05
8329c77c-cd32-419b-a318-7a98e0566637,hilariousness.io,available,,,high,high,13,,,,
536b6c24-7b64-44db-92af-7f264affb9e9,underpin.io,resell,,,high,low,8,"GoDaddy.com, LLC",07/06/2020 14:30,07/06/2027 14:30,07/10/2026 08:40
f51e2892-fbf3-45ed-b994-b497f6deba14,omni.io,resell,,,high,medium,4,,,,07/10/2026 12:55
3012b38b-6e58-46f2-9302-f149e79e74fc,retrain.io,resell,,,high,high,7,Dynadot Inc,13/05/2018 11:50,13/05/2027 11:50,26/09/2026 08:39
8113ffb7-82d7-4078-9cd6-5fb141de8d06,opec.io,available,,,high,high,4,,,,
fa96f360-4c5c-42fe-929c-79a8c327d754,microfilm.io,resell,,,high,low,9,"GoDaddy.com, LLC",20/07/2021 09:43,20/07/2027 09:43,02/10/2026 16:06
2b9c4f86-6a0b-4207-b6f0-19a249490b9b,washcloth.io,available,,,high,high,9,,,,
d8ceb252-ab58-476c-83fa-e17bc9f5a04a,contraceptive.io,available,34.98,75.98,high,low,13,namecheap,,,02/10/2026 17:37
8d6bad92-d260-43a3-b37b-c2b84719f5a1,astana.io,resell,,,high,low,6,"Spaceship, Inc.",21/05/2020 16:41,21/05/2027 16:41,26/09/2026 04:05
e90f4dfe-5a12-4aff-a254-3e4393590d35,goostrey.io,available,,,high,high,8,,,,
e80b80e5-f463-48ba-95f8-f34d086cefb1,tonsorial.io,available,34.98,75.98,medium,low,9,namecheap,,,11/09/2026 17:12
4a42fe81-0a26-495c-86a8-437e6b18edc4,harkness.io,available,34.98,75.98,high,low,8,namecheap,,,30/09/2026 05:36
972ac485-f125-48bf-855b-5790bf15ae71,mucker.io,available,,,high,high,6,,,,
ea6f64b5-bda4-4cf1-956a-d3934c4fd8ae,waterscape.io,available,,,high,high,10,,,,
d17018fe-2122-43a5-8d09-451e95b1c4bb,desperation.io,available,38.99,69.99,medium,low,11,namesilo,,,29/09/2026 15:57
364daa1b-1c58-4331-a4f8-97412d68cc5f,beheading.io,available,38.99,69.99,medium,low,9,namesilo,,,23/09/2026 03:20
1414a09f-7ae1-4fb5-8c67-17cb31fe62ef,pusan.io,available,38.99,69.99,high,low,5,namesilo,,,02/10/2026 16:27
d978c655-0e66-479d-9cf0-c6fd99f7613b,bullheadedness.io,available,,,medium,low,14,,,,
d8e3eedc-a904-4873-9c23-6ac0861d83d6,influenza.io,resell,,,high,low,9,,,,30/09/2026 01:39
48a892ef-7d24-448f-a98f-846a1e21246e,conscientious.io,resell,,,high,low,13,,,,30/09/2026 19:32
9d2f460a-26f4-4d5a-bf5a-34d1b6de6ea0,didnt.io,available,31.98,51.75,medium,low,5,spaceship,,,02/10/2026 04:18
e31dbd2e-9a13-4e54-81df-13c62a784096,neglige.io,available,,,high,high,7,,,,
df884334-86b2-46f9-bc18-cd51292f197e,skimpy.io,available,34.98,75.98,high,low,6,namecheap,,,10/09/2026 09:36
146b50c9-d981-45b0-aa72-3d3c8b8bc121,fever.io,resell,,,high,low,5,"NameCheap, Inc.",21/12/2015 00:30,21/12/2026 00:30,29/09/2026 19:05
a6877710-0770-48bd-add2-dc20d362cb8f,folktales.io,available,,,high,medium,9,,,,
0eeb168c-251f-4321-b515-2d78ba6d1f33,langoustine.io,available,,,high,medium,11,,,,
1910ef27-85c9-4940-a88a-448e2dfad01c,houdini.io,resell,,,high,low,7,,,,02/10/2026 15:02
95efafcd-066c-44d7-b0ef-6be1af7a4fab,clog.io,resell,,,high,low,4,"Spaceship, Inc.",02/08/2021 14:30,02/08/2027 14:30,26/09/2026 05:00
45c1fec6-437b-40f3-8299-119db963f221,tolls.io,resell,,,medium,low,5,"NameCheap, Inc.",02/11/2023 16:38,02/11/2027 16:38,05/10/2026 08:30
fa9be5c0-4446-4e63-9d83-06badf57b4f3,rubrics.io,resell,,,medium,low,7,,,,05/10/2026 09:41
fcec950b-163d-46d1-a32b-65c7208183d0,assault.io,resell,,,high,low,7,"Sav.com, LLC",18/05/2017 00:30,18/05/2027 00:30,26/09/2026 04:04
76d7b0c5-c5b3-4ccb-911f-ab609f8d8343,diagrams.io,resell,,,medium,low,8,Porkbun LLC,09/09/2019 10:07,09/09/2027 10:07,03/10/2026 07:33
f702630e-93b4-4340-87f7-f4e4f04b0224,erlanger.io,available,32,50,high,low,8,cloudflare,,,05/10/2026 20:21
942daedf-39f5-4963-b6b7-fc0f141ab8e3,buttercup.io,resell,,,high,low,9,"NameCheap, Inc.",15/12/2014 10:00,15/12/2026 10:00,26/09/2026 04:41
c0a6559e-b319-4f48-97b4-5041f0771d5f,falsehood.io,available,34.98,75.98,medium,low,9,namecheap,,,06/10/2026 15:20
edcf3e0a-9cbb-4133-9a1e-7f6b21cb2d07,mushroom.io,resell,,,high,low,8,,,,28/09/2026 14:57
50c7ed9e-68b6-409c-889c-5d08c16047e8,galbulus.io,available,,,high,high,8,,,,
18d12477-8ad2-4933-aab6-455f144f7a24,chromophore.io,available,38,,high,low,11,unstoppable,,,07/10/2026 09:59
c7e20a01-bfeb-4af5-b1ca-974032be2584,horrific.io,available,33.99,69.99,high,low,8,namesilo,,,14/08/2026 08:59
b67909ec-9cf9-4e83-8f8c-455b942e4795,renumbering.io,available,,,high,high,11,,,,
73b671f7-6e92-4d53-8e0d-d3996e8b098c,enlightened.io,resell,,,high,low,11,,,,29/09/2026 20:59
0ffda7d5-4cdb-4b22-9bd3-d56a88ee9fe3,slyly.io,available,34.98,75.98,medium,low,5,namecheap,,,14/09/2026 09:08
28cefc97-dd7a-4945-a2aa-ed4ed3e9c002,chipman.io,available,28.89,53.5,medium,low,7,dynadot,,,04/10/2026 07:58
956042f9-b7f6-4d23-8a87-89278e95d65f,postural.io,available,34.98,75.98,high,low,8,namecheap,,,09/09/2026 00:40
5baaa345-9b54-4b1c-8ee0-67b89d854718,szczecin.io,available,34.98,75.98,high,low,8,namecheap,,,03/10/2026 05:18
cddae302-bdf7-4214-9304-13445d23fab2,english.io,resell,,,high,low,7,"NameSilo, LLC",17/11/2011 23:42,16/02/2027 00:30,26/09/2026 05:51
2d4fb1a6-2ee4-4df9-97c2-f8a95e06a19a,anglesey.io,available,38.99,69.99,high,low,8,namesilo,,,19/09/2026 06:27
bb176e17-9193-4271-a7dc-afd65b57883c,pelvic.io,available,38.99,69.99,high,low,6,namesilo,,,26/09/2026 08:05
53716f0f-e72c-49f1-9a93-b2f2843db365,vaccination.io,resell,,,high,low,11,"Spaceship, Inc.",04/08/2024 15:15,04/08/2027 15:15,02/10/2026 22:55
70b9b7c4-4468-4256-a177-2ca5855c0139,scarce.io,resell,,,high,low,6,"GoDaddy.com, LLC",11/05/2017 18:28,11/05/2027 18:28,26/09/2026 08:50
6a61d8ad-8c80-47b9-8825-075d7f35beda,hiding.io,resell,34.98,75.98,high,low,6,Porkbun LLC,05/09/2026 07:39,05/09/2027 07:39,26/09/2026 06:39
13818a22-57f3-4ee9-b634-a43fdf6fbd87,harpsichordist.io,available,,,high,high,14,,,,
1a74ee37-053f-4554-8f63-8d3f75e47c44,hardiness.io,available,34.98,75.98,high,low,9,namecheap,,,29/09/2026 18:02
4554d6c4-31b4-4df8-89d1-aeb5c1cbc354,rosebud.io,resell,,,high,low,7,,,,03/10/2026 01:56
be6f62f2-9efc-4d3d-8b24-48cfcbcd5d2c,transmittant.io,available,,,high,high,12,,,,
95dd9771-d353-42fe-98a4-e5076a5dc909,spicy.io,resell,,,high,low,5,"GoDaddy.com, LLC",02/05/2012 11:42,02/05/2027 11:42,26/09/2026 09:12
538f5d5d-9c1b-4b4c-bbeb-f6706441e348,companionships.io,available,,,medium,low,14,,,,
051c9f81-feec-4436-a56c-30c7a8fc6cd6,pointers.io,resell,,,high,low,8,,,,02/10/2026 02:15
5ae8a93f-24a4-447e-8a90-60016a71eff1,stanardsville.io,available,,,high,high,13,,,,
d171d64d-8ad9-4950-a38d-3381fd941c64,hangbird.io,available,38.99,69.99,medium,low,8,namesilo,,,22/09/2026 00:20
95c5aeb0-39b0-440a-a372-60242b6f0935,sopranino.io,available,34.98,75.98,high,low,9,namecheap,,,10/09/2026 14:22
cc3dafff-0058-43a6-bd4b-783d64dc8bed,vapored.io,available,,,high,high,7,,,,
f5e711ab-9366-4489-be17-8f6ecb235c53,esurveillance.io,available,,,medium,low,14,,,,
7d1c0bb1-5d01-4967-aa51-4a1a912de203,overwhelmed.io,available,34.98,75.98,medium,low,11,namecheap,,,03/10/2026 17:09
e84a684e-e7fb-49f3-beba-17efdb9d4405,imitatively.io,available,,,high,medium,11,,,,
5433b70f-cde6-41e2-9801-acc9bae82059,benicia.io,available,38.99,69.99,high,low,7,namesilo,,,05/10/2026 20:05
c660fe26-6449-4a88-9e7e-49c827ba2770,hotplates.io,available,,,medium,low,9,,,,
99024e34-5a7f-48d7-91c8-26bf2bdf575e,humoring.io,available,34.98,75.98,high,low,8,namecheap,,,05/09/2026 00:31
1e7fb0a8-b371-4d73-aa21-f25e0afe9f27,expending.io,available,,,high,medium,9,,,,
5f5ad391-a778-40e2-b212-50608f374f06,birdwatch.io,resell,,,high,low,9,"GoDaddy.com, LLC",06/12/2025 09:19,06/12/2026 09:19,26/09/2026 04:26
ffabb814-a1ce-47ae-8f8b-8a5e03a40501,nickname.io,resell,,,high,low,8,Dynadot Inc,07/12/2018 10:14,07/12/2026 10:14,26/09/2026 07:47
4568511b-f66c-4bc7-a2b1-656531abb44f,auctioned.io,available,31.98,51.75,medium,low,9,spaceship,,,04/10/2026 21:32
0327dd62-f536-40e5-b245-92e1e493af37,presentiment.io,available,,,high,high,12,,,,
7c5410ac-0106-4404-aa45-beb6a34ffcbe,laguna.io,resell,,,high,low,6,"GoDaddy.com, LLC",21/05/2019 10:16,21/05/2027 10:16,30/09/2026 10:22
11003d36-7dc6-4192-8b14-e9d00cead57f,overages.io,available,,,high,medium,8,,,,
174af5c4-e102-40e2-96db-fc8639cd9227,pugnacious.io,available,31.99,69.99,medium,low,10,namesilo,,,21/08/2026 00:21
202b812c-2c7e-4eb0-a876-5947c3597fd1,handing.io,available,31.98,51.75,high,low,7,spaceship,,,28/09/2026 11:31
d3ffeafc-0e2d-4233-93c2-3c9444082f9a,assailant.io,available,38.99,69.99,medium,low,9,namesilo,,,17/09/2026 17:42
6b754178-ee31-4c32-88dd-d1ff1dee2fc2,abjadic.io,available,,,medium,low,7,,,,
3348ea7c-dc94-48a7-b175-2162e54ceccf,biofuel.io,resell,,,high,low,7,DOCKY COMPANY,24/12/2025 15:15,24/12/2026 15:15,03/10/2026 22:07
00122f5e-2e15-4f67-ab97-25976e04dca1,linear.io,resell,,,high,low,6,"GoDaddy.com, LLC",21/08/2019 10:12,21/08/2027 10:12,05/10/2026 05:57
8c9fff3a-6725-47c1-906c-25cbd7666b84,impertinent.io,available,28.89,53.5,high,low,11,dynadot,,,07/10/2026 08:59
4778a202-fe80-4dee-8877-c0ba824b2c80,banters.io,available,,,medium,low,7,,,,
ae32741a-82cb-44c0-aa4a-c9719a99c6e6,intermuslim.io,available,,,high,high,12,,,,
e9655bcd-9cd7-4605-9f25-29f777c6d61d,reinspects.io,available,,,medium,low,10,,,,
18104b0a-f0d2-467d-a39c-3e558f7ccd62,skiing.io,resell,,,high,low,6,"Spaceship, Inc.",28/02/2015 10:49,28/02/2027 10:49,28/09/2026 10:57
2dc73d85-4253-466a-bdc1-f63942ad9dd4,chupatty.io,available,,,high,high,8,,,,
fcd13577-b70c-430d-9ff9-ee1e0f53b303,parlimentaire.io,available,,,high,high,13,,,,
ac7b5aae-3fbb-40e8-b819-92a317e65c65,winsomely.io,available,34.98,75.98,medium,low,9,namecheap,,,14/09/2026 15:43
6f9a9c6e-7096-4e8b-95c8-9ed04a4da999,chancla.io,available,,,high,high,7,,,,
d9d41017-da3a-4440-bf3f-77ba4399094b,tucking.io,available,,,high,high,7,,,,
47966688-91c2-40e4-a41c-a4b758c29d5c,queenroot.io,available,,,high,high,9,,,,
fad50e56-73c3-4aa8-bb73-194d10c0e9bb,newsreel.io,available,31.98,51.75,high,low,8,spaceship,,,05/10/2026 12:59
b1c2ece6-40da-4813-9f06-90069424278a,bionic.io,resell,,,high,low,6,Dynadot Inc,02/10/2011 02:50,02/10/2027 02:50,07/10/2026 17:40
96555522-812d-4b66-90e4-638716db289d,kalam.io,resell,,,high,low,5,,,,04/10/2026 19:58
752ee85a-5ad4-478a-80f8-a7db56ebd1ee,irvin.io,resell,,,medium,low,5,,,,28/09/2026 16:39
05ac5395-305f-4f87-8957-0db6cfff0b9d,allahabad.io,available,31.98,51.75,high,low,9,spaceship,,,30/09/2026 05:15
3d7c0bcc-3129-40f6-899e-c8b4fac0985f,shortwing.io,available,,,high,high,9,,,,
88bae276-dc3a-4b47-b60e-f90e3924ccee,taylor.io,resell,,,high,low,6,"GoDaddy.com, LLC",08/01/2019 10:21,08/01/2027 10:21,29/09/2026 13:29
f5eecd49-9786-447d-9042-4a0f997789a9,ninetiethly.io,available,,,high,high,11,,,,
b4ba7c53-4e7d-4fce-9000-ae63adee4855,ozawa.io,available,32,50,high,low,5,cloudflare,,,03/10/2026 21:05
3db4699b-53ec-4f8b-8571-c8bd0cdfda71,welshman.io,available,34.98,75.98,high,low,8,namecheap,,,13/09/2026 10:44
66b640f0-b39f-45e9-8ad0-b1445f3ace67,cauterize.io,available,33.99,69.99,high,low,9,namesilo,,,11/08/2026 14:34
38f45a60-97e3-4525-a3b5-03a0460bcfad,selfevidently.io,available,,,high,high,14,,,,
498ec644-d775-4327-b75c-ace82463d07a,camp.io,available,,,high,low,4,,,,
0483cd1f-e0f7-4619-8ffe-68b83c21014f,purging.io,available,34.98,75.98,high,medium,7,namecheap,,,09/09/2026 06:17
80e33fca-db5b-46ae-a37e-6074346bacc2,polonium.io,resell,,,medium,low,8,"Sav.com, LLC - 40",12/06/2023 17:00,12/06/2027 17:00,26/09/2026 08:14
b62bf028-9964-4ace-9fb4-965a808e9fc0,raising.io,resell,,,high,medium,7,"GoDaddy.com, LLC",11/03/2018 20:41,11/03/2027 20:41,26/09/2026 08:29
5ac5ac41-8530-4a96-aa8c-15a4c7f8bbe1,elderberry.io,resell,,,high,low,10,Dynadot Inc,13/03/2023 17:15,13/03/2027 17:15,26/09/2026 05:46
24d074af-57d7-41ac-b013-ba94c6db9297,magpies.io,available,,,high,low,7,,,,
3512fd27-ae42-4091-a4cb-db0eada3123d,lawless.io,resell,,,medium,low,7,"Sav.com, LLC",17/09/2020 14:31,17/09/2027 14:31,05/10/2026 20:03
2bf3d86f-aef4-4af4-80b6-4599a54fbc58,didjeridoo.io,available,,,high,high,10,,,,
aeec94ab-1a2c-43d1-af7f-ceb349ba3bca,inability.io,resell,,,high,low,9,,,,29/09/2026 07:19
be89e452-dcef-48fe-8052-c3647db88c36,notetaking.io,available,,,high,high,11,,,,
6de0d3c3-12ff-4855-8a43-97e1693c7880,braked.io,available,,,high,low,6,,,,
0aaf82db-ef0a-41b0-bec2-c51d49097d86,publicans.io,available,,,medium,low,9,,,,
07b677a8-3da6-43dd-871b-1faa1893f152,footwork.io,resell,,,high,low,8,,,,04/10/2026 23:38
272b2b41-e648-4f26-9131-317b657a46e6,hendrix.io,resell,,,high,low,7,"Spaceship, Inc.",11/07/2019 10:10,11/07/2027 10:10,28/09/2026 05:59
a4341714-8893-4bac-900c-e580e16aaa8a,assaying.io,available,,,high,high,8,,,,
44e5a170-a46f-4a42-b17b-efa0660d189d,wounded.io,available,38.99,69.99,high,low,7,namesilo,,,25/09/2026 06:51
e8787c68-f4f9-49b4-8523-05ef3775abb2,catarrhal.io,available,34.98,75.98,medium,low,9,namecheap,,,11/08/2026 21:09
f036bbaa-d61b-445c-abf7-64969d62f330,crooks.io,resell,,,medium,low,6,,,,30/09/2026 20:36
a5105d63-60d6-4f17-a301-6f7c99237d57,wymondley.io,available,,,high,high,9,,,,
90340f46-1f83-4cd3-a8ec-def8dfbefe94,lords.io,resell,,,medium,low,5,,,,28/09/2026 16:19
660f3cf4-5978-4836-83b9-f776bdd3c28c,surviving.io,resell,,,high,low,9,"GoDaddy.com, LLC",02/05/2018 00:29,02/05/2027 00:29,26/09/2026 09:26
3b5c1494-5a11-4c4e-b988-a84e02d7f8b6,pitchwoman.io,available,,,high,high,10,,,,
b711051a-c892-4049-8f4e-4cfd479f5ab9,arching.io,available,32,50,high,low,7,cloudflare,,,06/10/2026 04:45
3e085762-9bab-48a6-b7a1-9e2122660bf6,fastgrowing.io,available,32,50,high,low,12,cloudflare,,,03/10/2026 19:29
4e1f2b05-a653-402f-8af4-13598423cfdb,axelrod.io,available,32,50,high,low,7,cloudflare,,,02/10/2026 20:17
03abda8e-ceae-4928-9a6b-e3b5e42e0dfc,acinar.io,available,38,75.98,medium,low,6,unstoppable,,,05/10/2026 03:28
2c324207-80fb-4e56-8adc-e246f59175a7,deepened.io,available,,,medium,low,8,,,,
b8ee6dc7-1d6b-482b-aa14-06715c54664b,millrun.io,available,,,high,high,8,,,,
76f0557a-eff9-4374-b7ad-0140331bd911,liegeman.io,available,33.99,69.99,medium,low,8,namesilo,,,18/08/2026 03:05
3f2fa252-6400-4572-9f40-ec5f9559bcf5,wetting.io,available,32,50,high,low,7,cloudflare,,,03/10/2026 11:38
fb839c4f-dffd-41fb-a151-0e77c4517937,dolmans.io,available,,,medium,low,7,,,,
894dc784-e5e6-43c1-a66c-4affa605ef04,kampala.io,resell,,,high,low,7,"GoDaddy.com, LLC",06/12/2025 09:18,06/12/2026 09:18,26/09/2026 07:03
1cbc7933-3f46-42bb-acdc-0ca03fb65a69,oscillating.io,available,32,50,medium,low,11,cloudflare,,,06/10/2026 19:28
38b29db7-f289-4eac-954d-d851a4effdbe,corporal.io,resell,,,high,low,8,"Sav.com, LLC",27/05/2025 16:38,27/05/2027 16:38,26/09/2026 05:15
ce77bd63-9e98-4fab-8461-b8937f39917b,novellas.io,available,,,medium,low,8,,,,
c360ee84-9f2a-4288-8fdd-1b2097412b83,raffles.io,resell,,,high,medium,7,,,,06/10/2026 16:58
3166fa61-725a-4263-80a4-efd5d88744be,obento.io,available,,,high,high,6,,,,
3726bd14-11eb-44b6-b879-786f5ef6ded9,commonsense.io,resell,,,high,low,12,,,,03/10/2026 12:50
aa648e93-390c-4e02-ae61-7a1669987bf2,biped.io,resell,,,high,low,5,Dynadot Inc,20/02/2026 07:03,20/02/2027 07:03,07/10/2026 18:24
cfbf762d-7356-4d63-8d9b-91268d7314cb,isthmian.io,available,31.99,69.99,high,low,8,namesilo,,,22/08/2026 11:34
ee613d3d-20f8-45c9-8bc7-6184105f41f8,hurry.io,resell,,,high,low,5,"humbly, LLC",30/04/2015 00:30,30/04/2027 00:30,27/09/2026 17:14
5701b79f-b34a-4731-ad5a-b47eee119480,dtv.io,resell,,,high,low,3,,,,03/10/2026 03:46
348cc3d3-3ca8-4bb7-8c94-851a3ee7350d,palacios.io,resell,,,high,low,8,,,,02/10/2026 20:39
acd487ef-8bc9-4e95-9b60-188eceea3b92,dwindling.io,available,33.99,69.99,high,low,9,namesilo,,,14/08/2026 21:48
fc69f9ea-f8df-4456-a9a5-6d431f09e506,teakwood.io,available,,,high,high,8,,,,
573a1d7f-8c7a-4ece-bed8-fde032538598,uncoated.io,available,34.98,75.98,high,low,8,namecheap,,,12/09/2026 05:35
76525ddf-2be2-461d-960a-b07fc15b8658,nonsmoker.io,available,,,high,high,9,,,,
fd944aa4-b807-41ec-94cf-ac4bc9116bfd,spicehouse.io,available,,,high,high,10,,,,
d3861a9c-3d80-44a4-ab9a-118cdd29aac4,baubles.io,available,,,high,low,7,,,,
aff468d2-d857-4fd4-9fbf-12749e6271c3,jurisdictions.io,available,28.89,53.5,low,low,13,dynadot,,,05/10/2026 09:12
4c4e4385-45f0-4f90-80b3-0f00e7282ef3,deprived.io,available,33.99,69.99,medium,low,8,namesilo,,,14/08/2026 02:45
7c59b866-bcb0-42d1-b73f-ba546937b480,westarctica.io,available,,,high,high,11,,,,
54e94ce1-b526-4bbd-84cb-a3241c9134cb,sobersided.io,available,34.98,75.98,high,medium,10,namecheap,,,10/09/2026 13:07
d13bd993-10b2-4321-bf99-4253ebd8a14e,soaping.io,available,,,high,high,7,,,,
bbabf3f5-0464-4bff-97d8-b062bfd67205,snodgrass.io,available,38.99,69.99,medium,low,9,namesilo,,,02/10/2026 09:41
d62bac49-25f6-4755-acb7-26d0c9920237,aliyah.io,resell,,,high,low,6,Dynadot Inc,19/04/2024 15:47,19/04/2027 15:47,26/09/2026 03:47
82f7c76c-cd12-4bb8-a5e9-cc5471d0c0fc,snottite.io,available,,,high,high,8,,,,
1081ffa5-99db-4db4-8111-d404024a95d1,coupmaking.io,available,,,medium,low,10,,,,
49fb3f8d-e1ca-4607-9bf9-286fdcf0ee33,culbertson.io,available,38.99,69.99,medium,low,10,namesilo,,,03/10/2026 10:23
5bec044b-5910-4f4f-841b-3f2ba0b0e6d9,kayaked.io,available,,,medium,low,7,,,,
2f11ef98-cc11-4a0a-9f43-b5a367c8038e,nonmachine.io,available,,,high,high,10,,,,
e25733cb-82a2-4d3b-a617-1f6c7452ed46,tales.io,resell,,,high,low,5,"GoDaddy.com, LLC",03/05/2012 03:52,02/08/2027 00:30,26/09/2026 09:30
7b6e6b09-542a-484c-9651-d3753ec84f46,discernibly.io,available,,,high,high,11,,,,
a5b8c9a7-a1ce-4cea-9b76-69df9009416f,interspersed.io,available,,,high,high,12,,,,
d2e99c50-0f41-4414-a0af-1dcd58d4e592,dousing.io,available,,,high,high,7,,,,
f816c861-21db-4e16-801a-ea678cad8bef,rigs.io,resell,,,medium,low,4,,,,04/10/2026 22:09
e9b6c78f-f357-4ada-a598-4fc09cee83e9,rectangular.io,resell,,,high,low,11,,,,30/09/2026 06:01
afa2608b-5797-40f9-ada2-4b70ebbf0c7b,sugarstick.io,available,,,high,high,11,,,,
acbf7321-7b3b-4450-8905-df31028c7fb8,factual.io,resell,,,high,low,7,"GoDaddy.com, LLC",27/09/2019 14:30,27/09/2027 14:30,28/09/2026 04:46
024850ca-bd18-4936-9468-7aaae2bcca06,esr.io,resell,,,high,low,3,,,,02/10/2026 04:42
50f10ccc-3507-44b0-9d2c-1bc84681fb0b,minutely.io,resell,,,high,low,8,"Spaceship, Inc.",03/06/2021 14:31,03/06/2027 14:31,26/09/2026 07:34
3d030b08-ec3e-4e02-989e-ff8be80ad791,catoctin.io,available,,,high,high,8,,,,
81d76d09-a557-4b95-a8f8-c8b502169a0b,staccato.io,resell,,,high,low,8,Dynadot Inc,26/12/2021 17:00,26/12/2026 17:00,26/09/2026 09:15
d62571f5-0282-4c05-8871-1f759b131b26,smoker.io,resell,,,high,low,6,"GoDaddy.com, LLC",19/01/2015 16:18,19/01/2028 16:18,30/09/2026 02:54
ef9c27a1-2461-4df3-8af6-dad9f1e123c5,cecelia.io,available,38.99,69.99,high,low,7,namesilo,,,05/10/2026 18:27
32a0112c-a36b-4f72-9e00-2e869601b606,diacritical.io,available,,,high,high,11,,,,
e8e25908-ce79-4171-8fe4-0a970283dfa0,staincross.io,available,,,high,high,10,,,,
4485b60c-d6a4-437a-bdca-188e2edd3963,midbuccal.io,available,,,medium,low,9,,,,
def726c6-855c-4eb1-a21d-df6554fd319c,gosling.io,resell,,,high,high,7,"Sav.com, LLC",09/07/2022 16:41,09/07/2027 16:41,26/09/2026 06:27
07a793e6-aeb1-4e1c-96fc-bf1dfa296909,electrochemical.io,available,,,high,high,15,,,,
6c479946-2e76-45f3-8f8a-31075e4a8f15,marksmanship.io,available,32,50,high,low,12,cloudflare,,,05/10/2026 08:11
59cf1240-5b43-4a52-9e73-0ce0800466c3,esteems.io,available,,,medium,low,7,,,,
d7360c23-49b7-4bce-9ecb-171dd4b6447a,savonarola.io,available,38.99,69.99,high,low,10,namesilo,,,06/10/2026 01:23
f7379b5b-7dc9-4f6c-9938-65c12d57fea1,dueller.io,available,,,high,high,7,,,,
a52a27b7-a39d-481c-ac16-0df78a562b1f,alaskan.io,resell,,,high,low,7,"NameCheap, Inc.",30/07/2019 08:50,30/07/2027 08:50,05/10/2026 12:35
f0a6f5fa-c6be-41ff-8592-ff74f3b7afc7,bountiful.io,resell,,,high,low,9,Dynadot Inc,13/06/2020 14:30,13/06/2027 14:30,07/10/2026 15:41
5196221f-5117-4478-9fbc-85be2006214c,rosebush.io,available,34.98,75.98,high,medium,8,namecheap,,,09/09/2026 18:41
faedf3c1-0241-44f2-b95e-6f512f3bcb62,pondness.io,available,,,high,high,8,,,,
ae155dec-801b-40a9-9dc7-0c37d4fddc23,dubrovnik.io,resell,,,high,low,9,,,,01/10/2026 19:16
4355b5d9-1d2c-45d8-b4f1-c386722d09e9,misused.io,available,31.99,69.99,medium,low,7,namesilo,,,25/08/2026 01:56
24da97da-cfc8-4534-8a4c-aff16d7d0428,siegfried.io,resell,,,high,low,9,,,,30/09/2026 02:51
c7e36ccb-ca45-4a64-b26b-4ce5aa5229bf,mastigophoric.io,available,,,medium,low,13,,,,
1af27382-b6e1-48bd-9811-4351d1e45147,lillianne.io,available,,,medium,low,9,,,,
c4a60688-a8b9-4540-b142-99e16170d2ed,thingie.io,available,,,high,high,7,,,,
0cfc3496-8ba4-4b62-b745-bbb21f57262d,gma.io,resell,,,high,low,3,,,,29/09/2026 21:30
46b5b631-9a9f-4779-9362-52073f7d8c65,erotically.io,available,34.98,75.98,medium,low,10,namecheap,,,14/09/2026 15:58
76b98587-f819-49d5-ab83-9fa83f6aed1d,nails.io,resell,,,high,low,5,,,,04/10/2026 11:22
e2481eb2-ea34-4112-9f94-9618160c3e8b,cormac.io,resell,,,medium,low,6,,,,03/10/2026 05:14
e4dfd672-d666-40a8-8d8a-ea5ef8e4c599,postgraduates.io,available,,,medium,low,13,,,,
d69ca164-ad18-49f1-b543-de7eac6ca596,populace.io,resell,,,high,low,8,"GoDaddy.com, LLC",11/09/2018 10:42,11/09/2027 10:42,26/09/2026 08:15
e8e80356-5992-408e-9ead-9aba219e3dce,furlong.io,resell,,,high,low,7,,,,05/10/2026 11:39
b210df75-ab79-4177-a85f-0d4f9356062d,stagnation.io,available,31.98,51.75,high,low,10,spaceship,,,06/10/2026 00:44
8fbef18f-bf4c-4b3a-9c95-9326db248740,bagasse.io,available,34.98,75.98,high,low,7,namecheap,,,21/09/2026 17:47
7bb6e99e-6225-4688-b3d1-cdac8bdf1f55,stn.io,resell,,,high,low,3,,,,05/10/2026 18:08
1a3721cd-ec40-4945-9013-c3f354933033,advocating.io,available,32,50,medium,low,10,cloudflare,,,02/10/2026 21:40
6f5502eb-f763-4351-8960-d7bc6ffceefa,rosemarie.io,available,38,,high,low,9,unstoppable,,,05/10/2026 18:16
6eeb3d10-1338-4ee0-ad74-8ac521864ede,cdma.io,resell,,,high,low,4,,,,02/10/2026 08:17
4d9330e0-ff39-4d10-9cdf-a55e6ad7284f,concentrate.io,resell,,,high,low,11,Dynadot Inc,03/05/2018 10:11,03/05/2027 10:11,26/09/2026 05:10
0b285ba8-f44c-4aa7-ab09-3adaa729a60c,woodland.io,resell,,,high,low,8,,,,29/09/2026 20:30
229eb8b2-10a2-4901-a8c1-f930eb1a11b8,shoutee.io,available,,,high,high,7,,,,
36e2a639-877d-468f-a22a-18074e7192d6,wheeziness.io,available,,,high,high,10,,,,
6f796cde-221d-4432-ad08-d6188a52fede,lovastatin.io,available,,,high,high,10,,,,
29fe2480-129e-4104-bf1e-a97309e62b36,screaming.io,resell,,,high,low,9,"GoDaddy.com, LLC",06/10/2023 05:25,06/10/2027 05:25,07/10/2026 05:13
76dc1c69-91b4-4b18-a5e7-9505e2780667,kochia.io,available,38.99,69.99,medium,low,6,namesilo,,,22/09/2026 12:18
b0aeaefb-e41e-4d61-a5a3-676a8fb060b6,idealization.io,available,,,high,high,12,,,,
38ed863e-1da1-416d-947f-2a6659a0223b,leveraged.io,resell,,,medium,low,9,,,,05/10/2026 08:45
de544486-a73d-43e3-8d46-040efbcc7b8f,tyranny.io,resell,,,high,low,7,"Sav.com, LLC - 43",22/08/2023 17:00,22/08/2027 17:00,26/09/2026 09:49
dbfd2ae9-5e06-4e21-afe9-297a3f44ec1c,brexit.io,resell,,,high,low,6,,,,03/10/2026 14:10
f9a281c3-7155-45f3-80db-cd3d59f4aeb5,tarantula.io,resell,,,high,low,9,,,,05/10/2026 11:28
68277e59-a395-4401-83f5-6bd78e81f057,tanach.io,available,,,high,high,6,,,,
997fd677-8fb7-4b77-8f34-6d99e55f46f8,counterargumentative.io,available,,,medium,low,20,,,,
23843f44-41e8-400b-94ac-20ce0022f5ef,sheepwash.io,available,,,high,high,9,,,,
0dcd9539-9578-4916-9977-739094435a73,said.io,resell,,,high,low,4,"Docky, Inc.",15/02/2026 15:15,15/02/2027 15:15,30/09/2026 23:01
3f1939ae-9688-48c2-aaf7-5df78c9917a6,vamper.io,available,,,high,high,6,,,,
25df217c-72b3-41a7-9d16-e30b14875f5e,blacksmith.io,resell,,,high,low,10,"GoDaddy.com, LLC",31/03/2018 10:16,31/03/2027 10:16,26/09/2026 04:28
ff46f131-72ff-4a12-8cf3-a49f20f63393,hilted.io,available,,,medium,low,6,,,,
b873521e-acf6-44e4-9f87-727573662a2d,warily.io,available,34.98,75.98,medium,low,6,namecheap,,,16/09/2026 11:20
f3eb3698-ca3d-4c35-b360-59ffddb658e3,objectivity.io,resell,,,high,low,11,,,,01/10/2026 13:53
ca6d6af7-3592-4eed-9edd-947e4c2ff25a,mastiffs.io,available,,,medium,low,8,,,,
bdac00f2-a159-4398-b5f1-143e08f908b4,tows.io,resell,,,medium,low,4,,,,04/10/2026 21:39
6f1c9ea5-2b87-4a12-9cda-3f08807f5deb,mui.io,resell,,,high,low,3,,,,05/10/2026 19:08
16b36d4e-08a1-4456-9d8a-e40daafb8907,rioting.io,available,38,,high,low,7,unstoppable,,,02/10/2026 06:16
32e02545-8398-4c8a-9cd1-fe6f074ea716,uncured.io,available,34.98,75.98,high,low,7,namecheap,,,12/09/2026 06:39
4821efa8-c3e2-4a83-beb9-eed610860f64,venereal.io,available,33.99,69.99,medium,low,8,namesilo,,,18/08/2026 21:42
22cf35b5-5db8-417e-87d3-7162d21be804,sprang.io,resell,,,medium,low,6,,,,04/10/2026 18:14
c5f50a3e-530e-42af-9272-2d3fed2125ce,limericks.io,available,,,medium,low,9,,,,
25ddf19d-7afe-495f-890e-794514d70c1d,hypochlorite.io,available,,,high,medium,12,,,,
a4da9432-2f29-4cbf-ba68-cfb278f3f9ee,fined.io,resell,,,medium,low,5,,,,30/09/2026 15:19
6161c731-179e-4e72-826d-4f26f7aae6ae,ridesharer.io,available,,,high,high,10,,,,
6f7d3610-36f7-4053-87d6-cea84ca8bedc,beholders.io,available,,,medium,low,9,,,,
df82e934-0c82-406c-8e3a-b4da86be3c28,oldest.io,resell,,,high,low,6,,,,01/10/2026 19:28
1e5f08fa-9887-4f96-a107-7ae8dfe8c934,bothering.io,available,32,50,high,low,9,cloudflare,,,29/09/2026 21:27
c37bf085-e5bc-44b1-9ef3-f1cfb9e6172e,prespecified.io,available,,,high,high,12,,,,
a6f54708-d7cd-4490-b4f8-b7593e8bd8bc,yearningly.io,available,34.98,75.98,medium,low,10,namecheap,,,15/09/2026 12:56
5b42563f-3bc3-4df7-8aa1-d97032dc6aa6,vivacious.io,resell,,,high,low,9,Dynadot14 LLC,19/06/2019 11:04,19/06/2027 11:04,26/09/2026 10:01
bc7db43a-b2bc-48c6-8499-49311bd6da78,genebank.io,available,,,high,high,8,,,,
1c44e5d7-cb5c-4499-8c3b-698947bac4b0,recovering.io,resell,,,high,low,10,Realtime Register B.V.,05/12/2021 07:22,05/12/2026 07:22,26/09/2026 08:32
b726b541-1cfb-4cb4-bb21-5b4410330f7d,chaz.io,resell,,,high,low,4,,,,07/10/2026 17:16
3d551ae9-8990-4bcf-8d72-7627b9207494,supramajority.io,available,,,high,high,13,,,,
06da5c78-724c-4a0e-a897-ad60cae6ac71,ceaseless.io,available,33.99,69.99,high,low,9,namesilo,,,11/08/2026 23:01
e04fe1d7-a557-4b01-b0f1-db9d115f6a04,dessiatine.io,available,,,high,high,10,,,,
2c42815b-3989-4d3c-9d89-026072889f19,lansbury.io,available,28.89,53.5,medium,low,8,dynadot,,,06/10/2026 08:36
cd0305f5-faf2-48b2-90eb-2a0d4802b218,denying.io,available,31.98,51.75,medium,low,7,spaceship,,,28/09/2026 11:30
18cd9e85-a71a-4595-9722-59a7a0d1d311,blatta.io,available,38.99,69.99,medium,low,6,namesilo,,,24/09/2026 04:54
80b520ca-5fe3-4e68-b767-c06a9cf803bb,eudora.io,resell,,,high,low,6,,,,05/10/2026 20:13
cee07972-b106-4bd5-b3a6-ec97075e9b72,homologous.io,available,31.99,69.99,medium,low,10,namesilo,,,21/08/2026 12:58
885ed14f-1b13-44eb-967f-f13b382ca502,blackpool.io,resell,,,high,low,9,Dynadot Inc,02/06/2020 14:30,02/06/2027 14:30,30/09/2026 05:52
ce658409-a3e1-49ab-b4d8-1d6afedf051b,convertible.io,resell,,,high,low,11,,,,28/09/2026 15:45
ea311e16-9129-4ffd-a16c-06d82996bddc,cataract.io,resell,,,high,low,8,,,,06/10/2026 14:39
28b0d739-6fbc-4998-8e7a-c1972643bc96,bruised.io,available,31.98,51.75,medium,low,7,spaceship,,,30/09/2026 23:32
7235668e-7476-4ea4-8d85-70eb3b233c2f,cardinal.io,resell,,,high,low,8,"GoDaddy.com, LLC",03/12/2018 10:23,03/12/2026 10:23,26/09/2026 04:46
8cf18ba3-8918-4822-8f9c-fa34c6be9118,brusque.io,available,33.99,69.99,high,low,7,namesilo,,,11/08/2026 07:02
fdaf3500-d9f4-4b90-93f2-574a1941ad25,descendingly.io,available,,,medium,low,12,,,,
b5761e20-8354-4e53-8d98-bf149215d1b2,aluminize.io,available,,,high,high,9,,,,
c0ed1fd6-a9b8-4fcf-a8b5-d02b41db2536,specimen.io,resell,,,high,low,8,,,,28/09/2026 03:06
d1e2e059-5b76-4a7b-899b-7e7aaf24d987,reaffirming.io,available,,,medium,low,11,,,,
fa21f906-d1b4-431a-9b27-608e2dd317ab,cootamundra.io,available,,,high,high,11,,,,
a3691553-211c-4fca-91e4-fa455ec15653,couchmaking.io,available,,,medium,low,11,,,,
ed6353df-05f6-4e81-9326-c0a908f14fa4,tenthly.io,available,38.99,69.99,medium,low,7,namesilo,,,16/09/2026 08:21
b338319d-3f76-41b1-aa99-f9d70b81c78c,slobland.io,available,,,high,high,8,,,,
9307583b-462a-4b59-a990-da9249689a1e,costs.io,resell,,,high,low,5,"GoDaddy.com, LLC",26/03/2015 04:24,26/03/2027 04:24,29/09/2026 11:44
c41a7242-546c-41a6-84ed-f0042fe0c6a4,prettily.io,available,34.98,75.98,medium,low,8,namecheap,,,15/09/2026 21:22
9b0ae99a-6ff3-4c31-afcf-b9dd74771518,trumping.io,available,,,high,high,8,,,,
93ccbaa8-feb4-42e4-b596-e216f6403d17,filesize.io,available,38.99,69.99,high,low,9,namesilo,,,04/10/2026 11:33
bb2d556c-cd80-4a3f-8586-2ba3380a119a,conveyors.io,available,32,50,medium,low,9,cloudflare,,,02/10/2026 03:29
d085a9d0-b7de-4399-a8ed-793adf3ee7bd,advisee.io,available,38.99,69.99,high,low,7,namesilo,,,17/09/2026 11:34
b7a0b4bc-e8cc-4b6c-bb42-c7e3cbaccd89,iconize.io,available,,,high,high,7,,,,
a60eab64-f237-470a-9b99-4f36c75919e8,goyet.io,available,,,high,high,5,,,,
d04e6241-a86f-4962-9650-4aeec1034541,pachuca.io,available,38.99,69.99,high,low,7,namesilo,,,05/10/2026 07:14
ec82b923-65f7-4cd5-8952-53163234895e,ultrasound.io,resell,,,high,low,10,Atom.com Domains LLC,22/05/2017 00:30,22/05/2027 00:30,29/09/2026 12:08
a8a6ab63-e085-407a-a26c-c0b883bddb8c,workweeks.io,available,,,medium,low,9,,,,
dc4cd35e-7036-46b3-9251-035a3c04937f,newsagents.io,available,,,medium,low,10,,,,
120f30d4-115d-4761-9770-92cb06c1ef53,bennie.io,resell,,,high,low,6,Realtime Register B.V.,04/12/2021 04:17,04/12/2026 04:17,26/09/2026 04:22
1675fb90-9f9c-49b9-bd39-bc25a3950211,braw.io,resell,,,medium,low,4,Humbly LLC,07/09/2023 17:00,07/09/2027 17:00,26/09/2026 04:36
2abc5ede-8a27-41c1-9e93-9c40358fcbef,motorscooter.io,available,,,high,high,12,,,,
b1a33103-f8f0-47e8-a43e-ad6452b38810,aglow.io,resell,,,high,high,5,"GoDaddy.com, LLC",29/09/2020 00:54,29/09/2027 00:54,28/09/2026 04:50
ad3008db-5ede-41d0-aef1-e63472390d45,paralegal.io,resell,,,high,low,9,,,,06/10/2026 02:00
094a37b3-759f-442c-9559-978cec8b5a92,discursive.io,resell,,,medium,low,10,"GoDaddy.com, LLC",03/12/2025 15:30,03/12/2026 15:30,26/09/2026 05:35
c692f1fc-ba89-4435-97c8-57b5ba969eef,cef.io,resell,,,high,low,3,,,,03/10/2026 05:32
f044a242-f815-4415-996a-e578f4e04328,swooping.io,available,,,high,high,8,,,,
8057bda4-5245-42d4-82f9-f2be6399c50b,wheat.io,resell,,,high,low,5,Dynadot Inc,27/06/2018 17:46,27/06/2027 17:46,28/09/2026 06:34
13ea3528-1f83-4a2d-911b-44ff37b17d95,plainspoken.io,available,,,high,high,11,,,,
fdc614e7-b61b-4358-ac6c-53b9c0126e4e,successive.io,resell,,,high,low,10,Dynadot Inc,20/04/2020 20:21,20/04/2027 20:21,26/09/2026 09:23
14532c20-51d4-4eab-a87b-14006154cf9b,clamour.io,available,,,high,high,7,,,,
60cf5786-86d0-4479-b04c-190a8b79db69,avulsion.io,available,34.98,75.98,medium,low,8,namecheap,,,21/09/2026 09:54
fe4becb7-ea03-42bc-b196-47a75200879f,shogunate.io,available,38.99,69.99,medium,low,9,namesilo,,,21/09/2026 05:18
605126e2-2f20-42ae-94b6-7778df85f9e5,cratered.io,available,,,high,high,8,,,,
ae7d7753-0356-461a-957f-962dd4b07931,alco.io,resell,,,high,low,4,,,,02/10/2026 07:56
d4e81342-b2ce-46a2-b517-c3f11c3cb8cf,cubana.io,available,31.98,51.75,high,low,6,spaceship,,,06/10/2026 20:13
8117af6e-fec2-4eb1-b3c3-17602871dc56,degrease.io,available,,,high,high,8,,,,
7f6cad84-f4b2-4dbd-9fe7-f1d1a4bde689,fugacious.io,available,33.99,69.99,medium,low,9,namesilo,,,17/08/2026 10:20
9a492689-7337-40f4-87c8-c10c4fb46512,assaulter.io,available,34.98,75.98,medium,low,9,namecheap,,,17/09/2026 17:42
23a99726-e6d7-4e44-bcbc-f33633de65b4,preening.io,available,,,high,high,8,,,,
da4b3872-145d-4e05-9900-0bbdd1015052,landfarming.io,available,,,high,high,11,,,,
6e7f3df3-4c89-49d9-8fcd-d6e547d13bd2,heralded.io,available,31.99,69.99,high,low,8,namesilo,,,21/08/2026 06:51
5b1a2566-4810-42b4-b61c-117db18a4720,kingvale.io,available,,,high,high,8,,,,
09a4baa2-5b70-47ef-834e-190b4db37096,stovemaking.io,available,,,high,low,11,,,,
ad854a28-cfdb-4a04-94c1-9d239424704e,assertively.io,available,,,high,high,11,,,,
34992632-6c00-428a-b010-692c80e91891,displeasure.io,available,38.99,69.99,high,low,11,namesilo,,,01/10/2026 05:24
ab43adc0-2176-49f6-8960-d626422194f8,buttonable.io,available,,,high,high,10,,,,
00f10c5f-11fb-4af7-b33d-1380539175c3,ravenous.io,resell,,,high,low,8,"Sav.com, LLC",05/05/2025 04:44,05/05/2027 04:44,26/09/2026 08:30
aba071ad-905d-4fd7-8761-a61e035a8f9c,reusing.io,available,,,high,high,7,,,,
5393c5d3-9dc0-4d1f-b33e-540b0062b025,cockamamy.io,available,33.99,69.99,medium,low,9,namesilo,,,12/08/2026 14:49
996bbc14-e680-4170-ba49-4251abfee0b7,arciform.io,available,38,69.99,medium,low,8,unstoppable,,,06/10/2026 04:46
1bfb35f4-91ab-46a2-a092-4bdf7be0f1de,phonetic.io,resell,,,high,low,8,"NameCheap, Inc.",29/08/2017 10:23,29/08/2027 10:23,26/09/2026 08:08
ca7ccd6e-0c13-451e-9b13-02158727333a,mbabane.io,available,,,high,high,7,,,,
9653175b-d126-454c-9e46-2793f8b31af5,anarchists.io,available,28.12,51.8,medium,low,10,porkbun,,,04/10/2026 21:52
5a2f3cf6-a07b-4695-91c8-7bb932d83422,approvably.io,available,,,high,high,10,,,,
795e78d6-e0e9-4976-9f66-326d8ce5cc3f,irreplaceable.io,resell,,,medium,low,13,,,,03/10/2026 08:24
76caa66e-ef81-4afd-85d6-e2733f54854b,protestant.io,resell,,,high,low,10,Dynadot Inc,23/02/2021 19:48,23/02/2027 19:48,26/09/2026 08:23
1732688e-cc6c-4851-85a2-3ea98ecd246b,serenely.io,resell,,,high,low,8,"Sav.com, LLC",17/09/2021 22:56,17/09/2027 22:56,26/09/2026 08:55
63368a32-9611-49c8-a59c-7615ee4f2064,augean.io,resell,,,medium,low,6,"GoDaddy.com, LLC",04/04/2019 03:45,04/04/2027 03:45,06/10/2026 15:33
1acb6ade-cc26-42de-be8f-2bcc710eb46d,jamestown.io,available,32,50,high,low,9,cloudflare,,,05/10/2026 12:16
f351f1f4-9095-4213-ad45-860d8ca7a25d,ailurophile.io,available,,,high,high,11,,,,
3ba42521-881a-4cc3-9288-2fd6c95f4761,zymotic.io,available,34.98,75.98,medium,low,7,namecheap,,,13/09/2026 15:57
3281f8c4-8286-4f82-9893-a8d3df3db983,presumption.io,available,34.98,75.98,high,low,11,namecheap,,,01/10/2026 15:05
ffd25fa0-a40a-401f-9cb0-0ac9b32d0d4d,chatsworth.io,resell,,,high,low,10,,,,02/10/2026 00:57
968f0a79-8879-4420-adef-32737faba920,bologna.io,resell,,,high,low,7,,,,30/09/2026 16:29
5e5908dd-84d0-4f2c-9070-97a22f784c1d,tyrol.io,resell,,,medium,low,5,,,,28/09/2026 20:40
01e27da9-f178-4b41-bbbe-12faca25ef5e,zululand.io,available,38.99,69.99,high,low,8,namesilo,,,06/10/2026 23:03
03e48653-97c9-491e-b1a5-9f99eb813be6,devoting.io,available,38.99,69.99,medium,low,8,namesilo,,,17/09/2026 17:04
ca331b43-7eb3-4c33-9ca5-bfdbfeba6687,bina.io,resell,,,high,low,4,,,,06/10/2026 07:44
52afd331-97cb-48d9-8dfd-fd051193a8c8,glaire.io,available,,,high,low,6,,,,
df47ea3c-2be1-4a27-bd3f-c7bb9f25dbcb,fussbudgets.io,available,,,medium,low,11,,,,
24815995-0f98-49d1-8af1-cdd097595a75,selfwinding.io,available,,,high,high,12,,,,
0ce946b9-daee-4f5f-bffb-e5f84df40f0f,decolonise.io,available,,,high,high,10,,,,
572c6170-122a-459e-9301-77fda02185d5,retrofitting.io,available,,,high,high,12,,,,
ab6b1914-43e5-4105-8f7d-f1e903f78262,usualness.io,available,,,high,high,9,,,,
1b52239c-379f-4a5d-acce-d377812f5285,nafud.io,available,38.99,69.99,medium,low,5,namesilo,,,19/09/2026 00:44
753fd89c-5977-4e59-9bd9-15eca554edb6,boozing.io,available,,,high,high,7,,,,
f28b1f78-c902-47ec-826d-34f7f242dfd1,headrail.io,available,,,high,high,8,,,,
ce9b344a-a6c8-4088-8d5a-5881624856aa,limerance.io,available,,,high,high,9,,,,
d72c17cc-97bf-4f82-8376-6b0be37722fb,outness.io,available,,,high,high,7,,,,
de2997db-3f5c-49ae-8235-0c8d4cd77f23,pipers.io,resell,,,high,medium,6,Dynadot Inc,07/03/2023 17:36,07/03/2027 17:36,26/09/2026 08:10
e6c96372-2cce-4e1f-9c8f-ad7bd41ad6f4,scrotum.io,available,31.98,51.75,high,low,7,spaceship,,,03/10/2026 21:22
2829b82e-cd49-4249-b0e7-80e56bf5471c,probate.io,resell,,,high,low,7,,,,03/10/2026 21:15
07fd2a21-820d-4ed5-a164-225412a0df93,bistable.io,available,,,high,high,8,,,,
0fb1f576-7ff5-4596-9cea-5bd3752a29db,clove.io,resell,,,high,low,5,"GoDaddy.com, LLC",11/03/2014 04:13,11/03/2027 04:13,26/09/2026 05:00
2d265479-49a2-4a80-a0ea-a3c4461ebe50,blate.io,available,38,69.99,medium,low,5,unstoppable,,,08/10/2026 00:00
42007a33-ea0b-46f6-8f5c-96402110673c,fractures.io,available,31.98,51.75,medium,low,9,spaceship,,,29/09/2026 11:30
d689c02e-a958-4670-bf53-958cb2939687,nonresistant.io,available,,,high,high,12,,,,
a232da3b-0220-4482-9b89-d7dec9a40e21,exhaustion.io,available,38.99,69.99,high,low,10,namesilo,,,29/09/2026 13:24
cd1956b1-f620-4bf5-b5d5-bdf57d2b5454,brownsville.io,available,31.98,51.75,medium,low,11,spaceship,,,28/09/2026 08:10
7ae371bf-0bf3-4504-9a8b-85f1fad0f23f,headstone.io,resell,,,high,low,9,"GoDaddy.com, LLC",01/12/2019 11:19,01/12/2026 11:19,03/10/2026 20:16
5d2e693d-a0f9-4dd9-8286-201e751bea93,photoshop.io,resell,,,high,medium,9,"GoDaddy.com, LLC",09/01/2015 09:40,09/01/2027 09:40,30/09/2026 03:45
0f7df10e-3b96-4de8-b382-383ef9c5939a,topless.io,resell,,,medium,low,7,"GoDaddy.com, LLC",17/03/2015 14:41,17/03/2027 14:41,07/10/2026 00:51
24554316-fec0-4d9b-9569-0019889669c5,plaintiffs.io,available,38.99,69.99,medium,low,10,namesilo,,,01/10/2026 00:55
bb34734d-d130-4060-97a2-56c02cabdeba,thankless.io,available,34.98,75.98,medium,low,9,namecheap,,,11/09/2026 12:28
66a4581a-12e5-445f-92d6-e24d78f6e000,ferryboat.io,available,,,high,high,10,,,,
875d58c8-66a2-4d03-bc46-63df0db16769,seamen.io,available,31.98,51.75,high,low,6,spaceship,,,02/10/2026 01:38
faa3ea7c-732c-4198-9176-5b4e72590327,ebro.io,resell,,,high,low,4,,,,03/10/2026 00:33
284eb6bb-2809-4293-8b11-6d5b1bd6a1b8,energize.io,resell,,,high,low,8,"NameCheap, Inc.",13/04/2015 01:37,13/04/2027 01:37,07/10/2026 08:46
1369318b-d8bb-4997-9247-9c959ee0df69,fabricating.io,available,,,high,low,11,,,,
e24f3e25-f038-4f71-9188-945f8d01d525,unbarbered.io,available,,,high,high,10,,,,
d2d39866-f371-4c71-8a2f-2c9b47ffb4a0,guarnieri.io,available,38.99,69.99,medium,low,9,namesilo,,,19/09/2026 04:23
f4b4fbad-37d5-49ee-ac7f-daba86aff564,bloodstreams.io,available,,,medium,low,12,,,,
05cd1eb6-1d26-4494-a4de-5f40ef995ba3,lxii.io,available,38,75.98,medium,low,4,unstoppable,,,04/10/2026 18:42
399e4a6b-edb5-48e4-8092-0de73e2ec534,toothpastes.io,available,,,medium,low,11,,,,
6af629a8-fea8-40ca-8a22-8f5bf26ed296,piscatory.io,available,34.98,75.98,high,medium,9,namecheap,,,08/09/2026 19:59
367f9642-76a9-4ce1-a479-1392350bdd86,gynecologic.io,available,,,high,high,11,,,,
f9e308a0-7ce8-4df4-8dfd-f1ea91995a9a,senior.io,resell,,,high,low,6,"GoDaddy.com, LLC",28/06/2024 17:15,28/06/2027 17:15,26/09/2026 08:55
fe61664f-45e8-4a9e-92a6-5c173516b89d,butylhydroxytoluene.io,available,,,medium,low,19,,,,
7712435d-ff1b-44c9-a2e2-3bf396a8a3b6,barterer.io,available,34.98,75.98,high,low,8,namecheap,,,22/09/2026 08:58
ec50d44c-ff24-4459-9e2a-74b47a4bfbac,flameproof.io,available,33.99,69.99,high,low,10,namesilo,,,18/08/2026 06:28
a0882c58-c595-4a3c-8307-dcbf3394906d,muslim.io,available,,,high,medium,6,,,,
11c32b73-0376-4979-b21c-50964a6bf60b,outdated.io,available,38.99,69.99,medium,low,8,namesilo,,,26/09/2026 03:15
ae06d69c-ef10-4e7c-85af-3aca203800c3,erode.io,resell,,,high,low,5,,,,04/10/2026 13:43
46535c52-44df-47d0-9f02-72da2c03e294,hemline.io,available,,,high,high,7,,,,
2ca10262-167f-480b-82fb-adb351ccfee2,irresistable.io,available,,,high,high,12,,,,
b65913f7-fe85-42fc-8d97-93626329d81b,dolomitic.io,available,33.99,69.99,medium,low,9,namesilo,,,14/08/2026 15:28
571d6605-34d2-457d-9755-2fa77c012013,objectives.io,resell,,,medium,low,10,"GoDaddy.com, LLC",11/05/2025 15:15,11/05/2027 15:15,26/09/2026 07:51
0090cd7f-e213-4209-98fe-775c3a0e6562,wriststrap.io,available,,,medium,low,11,,,,
ca85ee2e-9e3b-44fb-999c-ba700aa00d50,monistic.io,available,31.99,69.99,high,low,8,namesilo,,,25/08/2026 04:51
2fda9ac4-d799-4f5e-9cb4-5636329ae950,purplehearts.io,available,,,medium,low,13,,,,
7bfff0bd-13c0-41b4-85f2-e52f2d86799d,torn.io,resell,,,high,low,4,"GoDaddy.com, LLC",08/06/2016 00:30,08/06/2027 00:30,26/09/2026 09:41
16f56711-87b5-4659-b391-12b2349641fb,uksc.io,available,,,high,high,4,,,,
76c69bd9-d25b-4ff9-ac2c-7a271d811b2d,undimmed.io,available,34.98,75.98,medium,low,8,namecheap,,,12/09/2026 08:06
1276226d-ae8d-491b-8fb2-e03b1cda8768,nostalgically.io,available,,,high,high,13,,,,
bd01d11e-a685-4e61-8936-3733f6cf35f9,genders.io,available,,,medium,low,7,,,,
84523325-4c77-4c22-b7ed-6fa3b2e215b1,pulitzers.io,available,,,medium,low,9,,,,
2c809ff6-1cbe-40c4-a7d0-27c55c0874cc,styled.io,resell,,,high,low,6,,,,05/10/2026 03:04
f6eef972-7828-48f2-9bb1-8d743f68017a,arced.io,available,38.99,69.99,medium,low,5,namesilo,,,06/10/2026 04:43
d08c81ea-aa53-4bea-9a9a-05a6706ada0f,animatronics.io,resell,,,high,low,12,"GoDaddy.com, LLC",19/04/2017 21:04,19/04/2027 21:04,26/09/2026 03:53
026647d4-d084-451c-b56b-ee13a94346e9,vipers.io,resell,,,low,low,6,,,,05/10/2026 10:19
e9e55cc1-99cb-4d49-a8ba-937c266c6e03,aromatically.io,available,,,high,high,12,,,,
14327d88-b7f0-4d21-b787-2b64a828435d,mouseproof.io,available,,,high,high,10,,,,
244818fe-7719-4028-a2e1-a02f9bde1c36,nohow.io,available,34.98,75.98,medium,low,5,namecheap,,,15/09/2026 16:44
ad7fbedc-cf31-4afb-a42d-2375146f1e98,kielbasa.io,available,,,high,low,8,,,,
c6c93e7c-5d7d-4783-aec6-4e4f19b32a80,lorain.io,available,34.98,75.98,high,low,6,namecheap,,,30/09/2026 21:46
f0cac25f-19e0-4f4a-8aa7-a0015d171207,discography.io,resell,,,high,low,11,,,,02/10/2026 06:53
238acd10-1720-4844-9aaf-87c85fd9ffdc,accoys.io,available,,,low,low,6,,,,
44f0f757-7d05-48cf-a336-c69bf9d955b3,attymon.io,available,,,high,high,7,,,,
ac43bd33-ca16-419b-98fa-59825afc5f29,abibliophobia.io,available,,,medium,low,13,,,,
f8116d41-e72d-4307-a923-b2c50743aa0c,anabolic.io,resell,,,high,low,8,"NameCheap, Inc.",07/04/2016 23:13,07/04/2027 23:13,05/10/2026 19:01
bde4fdb5-e523-46d4-ac5d-5b69a5746f76,allegations.io,available,31.98,51.75,medium,low,11,spaceship,,,29/09/2026 11:36
83c96cf9-695e-45ae-b210-0d86129f27a9,riverdale.io,resell,,,high,low,9,,,,30/09/2026 05:42
6d9f5aeb-08b4-460e-a3fd-a0aa6d475bac,blocking.io,resell,,,high,low,8,"GoDaddy.com, LLC",01/01/2021 14:31,01/01/2027 14:31,28/09/2026 00:53
7a9cf4c0-3c0a-43e0-b901-6750c3862a0e,compacted.io,available,38.99,69.99,high,low,9,namesilo,,,06/10/2026 19:03
2ec2725d-fa99-4be8-9c1c-2169ce33f5ba,redecorator.io,available,,,high,high,11,,,,
673ea71d-a55b-4e81-a7cc-d01eabab7448,windspeed.io,available,,,high,high,9,,,,
776880d2-33b6-462c-b88b-1bc92dfb3716,guestfriendship.io,available,,,high,low,16,,,,
14ebd39d-fde7-4662-b873-bdc7b4148176,burka.io,available,,,high,high,5,,,,
c2045139-a7b8-4f3f-86e3-1d7e4bc0ab83,cheesed.io,available,,,high,high,7,,,,
51bcee3c-e08e-4cfa-9a41-36c03db3e189,antigene.io,available,,,high,high,8,,,,
f808243d-b564-49ab-baff-b667aed9efec,applicator.io,resell,,,high,low,10,Unstoppable Domains Inc,02/08/2015 13:27,02/08/2027 13:27,26/09/2026 03:56
ff31a355-c798-46af-a6f7-6dd200ee472e,acrosswise.io,available,,,high,high,10,,,,
4a2aa9e9-87ba-4501-859c-19cc2004892d,quelled.io,available,34.98,75.98,medium,low,7,namecheap,,,09/09/2026 08:24
dfc63e5f-c8aa-4909-b59c-9e02da279964,crownless.io,available,33.99,69.99,medium,low,9,namesilo,,,13/08/2026 08:38
44194be6-8d11-4a83-8a6f-75dbf345c82b,thermometers.io,available,,,high,low,12,,,,
50a7399d-13a7-4318-bc28-cf1be3bc6624,olympic.io,resell,,,high,high,7,"GoDaddy.com, LLC",23/10/2015 11:05,23/10/2027 11:05,26/09/2026 07:53
3c588825-a791-4b47-9ab9-aff851dbd4a7,luncheonette.io,available,,,high,high,12,,,,
820e325c-e0c8-4485-93eb-3bb7853c68d7,bride.io,resell,,,high,low,5,Porkbun LLC,06/08/2014 00:30,06/08/2027 00:30,26/09/2026 04:36
3a8b2505-e863-48e3-b73a-b38ef77aaa66,laterward.io,available,,,high,high,9,,,,
0b438f69-f0f6-4756-8326-2b92e2b15459,mesonic.io,available,34.98,75.98,medium,low,7,namecheap,,,24/08/2026 21:09
e2300a11-c416-4fc4-aa2b-c9698f6b1998,fratton.io,available,,,high,high,7,,,,
79cca710-6b4a-40a7-b888-625dbc232d75,ranting.io,available,32,50,high,low,7,cloudflare,,,06/10/2026 01:29
20923b71-92dc-431c-afa2-45db27a5d1ae,iola.io,resell,,,high,high,4,,,,05/10/2026 20:15
56e94b6e-25e6-4302-ae03-6b52226d76af,truckish.io,available,,,high,high,8,,,,
55fa022b-36af-4e80-98af-54552b18c44c,jailer.io,resell,,,medium,low,6,,,,04/10/2026 11:52
156c8fef-2793-4e31-8caf-bfed48b46a06,kirtleton.io,available,,,high,high,9,,,,
bd6853da-937d-400d-a51f-07e3accde555,marfa.io,resell,,,high,low,5,,,,06/10/2026 08:02
aed62933-bee9-4427-b187-811326c7fcb4,bodyboarder.io,available,,,high,high,11,,,,
7456e153-fc78-4b57-88cd-bd3e0e6fe147,tightens.io,available,,,medium,low,8,,,,
3709e8da-759e-4c6e-97f3-916fd6107a37,subdivides.io,available,,,medium,low,10,,,,
27be230d-be1c-4424-b989-e5548904f377,departing.io,available,28.12,51.8,high,low,9,porkbun,,,29/09/2026 14:42
602c115e-7448-4d57-8ef9-f1f622ece9c4,coventry.io,resell,,,high,low,8,Dynadot Inc,03/09/2019 20:00,03/09/2027 20:00,26/09/2026 05:17
20c002bc-ea3e-4e5c-974c-0020470bc6f3,beldame.io,available,38.99,69.99,medium,low,7,namesilo,,,23/09/2026 04:46
7134ffc2-b3e5-4e2b-b8fa-a423a1ac3763,birthtongue.io,available,,,high,high,12,,,,
426cee58-e260-4ad0-ad8c-4ade489be216,finsbury.io,available,34.98,75.98,high,low,8,namecheap,,,04/10/2026 17:50
6166c31d-7843-4712-96e3-dc2643044175,discouraging.io,available,38.99,69.99,high,low,12,namesilo,,,01/10/2026 22:56
5c6830b3-7a7a-480f-9d03-fa69cfe353b5,clubgoing.io,available,,,medium,low,9,,,,
15e8ae34-a37c-4ba4-8be9-cf2bf1c02fae,cabinetmakers.io,available,,,medium,low,13,,,,
4fcb493b-1629-4e1a-a48a-49a695f1ad67,comedian.io,resell,,,high,low,8,"GoDaddy.com, LLC",21/07/2014 10:05,21/07/2027 10:05,26/09/2026 05:07
1cf1555f-6d96-4a28-ad14-44a56f2af684,torre.io,resell,,,high,low,5,,,,28/09/2026 03:40
1265a37c-d99a-47f6-8ef9-5b21ca3e5052,tibetans.io,available,,,medium,low,8,,,,
f8edac3d-9ccd-4b5a-a1a7-7c9594a90eea,armored.io,resell,,,high,low,7,"GoDaddy.com, LLC",23/09/2018 10:12,23/09/2027 10:12,26/09/2026 04:01
2a16dbe7-3e73-466b-9673-97dde1292c69,facies.io,available,31.98,51.75,medium,low,6,spaceship,,,29/09/2026 04:47
e63c67c0-6865-4b01-bc85-860002cf3c36,readmission.io,available,,,high,high,11,,,,
d1a7189b-45ce-49c7-8c41-760c6206318b,abbotcy.io,available,44.99,59.99,high,high,7,name.com,,,
4ad3b9e0-8377-4161-9be0-fd61a2023193,harmonics.io,resell,,,high,low,9,"GoDaddy.com, LLC",15/05/2018 23:43,15/05/2027 23:43,03/10/2026 11:14
2999622c-3dc3-4ab6-a978-c0b79f1345ec,cmir.io,available,,,high,high,4,,,,
1805e4a3-dcf6-4efb-83cc-f119257aaace,schoolboyhood.io,available,,,medium,low,13,,,,
f4414d33-a2d0-44c6-8193-a50acd0b3f16,scenic.io,resell,,,high,low,6,"GoDaddy.com, LLC",07/01/2013 17:31,07/01/2027 17:31,26/09/2026 08:50
bf01ee11-25ff-432b-875d-eeaf60890612,inexplicit.io,available,31.99,69.99,medium,low,10,namesilo,,,21/08/2026 22:39
effb3960-f6ca-4525-bfd2-d58db66bab9e,motorheads.io,available,,,medium,low,10,,,,
6987447d-0c9a-456c-9b5c-4650f0519c71,bahai.io,resell,,,high,low,5,"Docky, Inc.",15/07/2026 15:15,15/07/2027 15:15,06/10/2026 20:03
0967cc3f-d41c-4749-8807-023a5251b9fb,collapsed.io,available,34.98,75.98,medium,low,9,namecheap,,,20/09/2026 18:10
e4beb728-d67b-4c7b-9311-38b0749597e4,uninviting.io,available,34.98,75.98,medium,low,10,namecheap,,,12/09/2026 13:39
2dabde73-4df2-4d11-9222-cd0298fa6309,resentful.io,available,34.98,75.98,medium,low,9,namecheap,,,09/09/2026 14:48
94996814-3478-4169-a403-ec62ce4a66ea,controversy.io,resell,,,high,low,11,,,,29/09/2026 10:11
372664e8-7add-4f86-8610-d9861fe941ae,chopin.io,resell,,,high,low,6,Dynadot Inc,04/12/2023 15:15,04/12/2026 15:15,02/10/2026 04:21
88d71247-1fb4-44d8-ac56-a815fc42d60c,overabundance.io,available,,,high,high,13,,,,
974c1733-ceb4-4043-9333-b18b1de40424,gunner.io,resell,,,high,low,6,Dynadot Inc,01/08/2018 06:23,01/08/2027 06:23,26/09/2026 06:32
f619a72c-85c9-4c99-899c-a0f9a1721a2e,elevators.io,resell,,,medium,low,9,,,,29/09/2026 00:00
ce01c38b-bc7a-46a1-87ef-ff8e54bc4e6f,oatmeal.io,resell,,,high,low,7,"GoDaddy.com, LLC",01/08/2013 04:46,01/08/2027 04:46,29/09/2026 05:27
28f28a64-08fb-4e6d-9283-92b4f4a6df8b,bandoneon.io,available,38.99,69.99,high,low,9,namesilo,,,22/09/2026 01:29
b72b867a-933a-4e3e-a210-ffa5f5bf3677,capt.io,resell,,,high,low,4,"Sav.com, LLC",23/01/2019 10:31,23/01/2027 10:31,26/09/2026 04:45
d3c791f5-0e2b-4854-b674-f28684a226e2,execution.io,resell,,,high,low,9,"Spaceship, Inc.",06/12/2024 15:15,06/12/2026 15:15,06/10/2026 07:23
5a0d8510-2424-48ab-ba91-f9910e25d003,chocotini.io,available,,,high,high,9,,,,
cc6d323b-a488-45e1-ba1b-ffaa8f7151bb,photochemical.io,available,,,high,high,13,,,,
2e6c54d8-3a49-4191-88d8-503d8c718997,psaltery.io,available,38.99,69.99,high,high,8,namesilo,,,25/09/2026 13:12
bdf8bdeb-5885-4cfb-a7a5-ce4ac16e2abd,unchained.io,resell,,,high,low,9,"GoDaddy.com, LLC",13/01/2018 10:09,13/01/2027 10:09,26/09/2026 09:50
1b3968c3-4d92-47e3-82ee-85d297080e5e,athenry.io,available,,,high,high,7,,,,
ffd3320e-7492-4dd7-aa32-0c17f72c1403,numerate.io,resell,,,high,low,8,"GoDaddy.com, LLC",20/08/2026 17:59,20/08/2027 17:59,26/09/2026 07:50
c9c9270c-e566-4424-86d6-fd596e638d60,rebellions.io,resell,,,medium,low,10,,,,07/10/2026 03:44
1a3c05b1-852f-4405-96f2-c13fccdddc44,infecting.io,available,32,50,medium,low,9,cloudflare,,,05/10/2026 09:57
e7f817e5-edb3-4182-bab8-a4e5293f1100,dizziness.io,available,34.98,75.98,high,low,9,namecheap,,,30/09/2026 17:01
4ae4d094-fad2-4656-9353-5c74d6f1e37d,henries.io,available,,,medium,low,7,,,,
fd6fedd2-7bff-43d6-ab53-d5be97ed9d69,recognised.io,available,38.99,69.99,high,low,10,namesilo,,,21/09/2026 15:30
6897e7d9-cd7e-40cc-9727-a3d10e7a3193,tripping.io,resell,,,high,low,8,Dynadot Inc,24/06/2020 23:16,24/06/2027 23:16,26/09/2026 09:46
f2def624-4487-42a9-b0af-f34c26321f2a,rummy.io,resell,,,high,low,5,"Sav.com, LLC",08/02/2020 14:30,08/02/2027 14:30,26/09/2026 08:46
a9d88b0e-0d2d-4a50-9c1e-820434d668fa,steerable.io,available,33.99,69.99,high,low,9,namesilo,,,14/08/2026 09:00
a6129561-c6f9-4f65-8cc1-44df802f31e6,automatise.io,available,,,high,high,10,,,,
8e03955f-99fc-4b22-9c74-f8a9e46aca25,pored.io,available,,,high,high,5,,,,
28d28f17-0b26-48ea-b3cd-57599bac28b2,mines.io,resell,,,low,low,5,,,,28/09/2026 13:08
57680af6-5970-417c-994e-e5644631c92d,fulsome.io,available,33.99,69.99,medium,low,7,namesilo,,,11/08/2026 11:40
7e27ea8a-7dc7-4dbf-a978-23acd00ab9c6,sociologist.io,available,32,50,high,low,11,cloudflare,,,03/10/2026 03:08
e8adc7c1-252a-4cd4-b09d-ac1267495360,clotshot.io,available,,,high,high,9,,,,
7415a835-f0ab-46d5-83ee-f7a7fa30cac5,ashamed.io,available,28.12,51.8,high,low,7,porkbun,,,27/09/2026 17:32
d46ada52-5b2b-4874-8f17-ea128c0fc962,stances.io,available,,,medium,low,7,,,,
630d2d64-16e0-424e-993b-9d8b8558ee9f,roommates.io,resell,,,high,low,9,"GoDaddy.com, LLC",15/01/2016 07:20,15/01/2027 07:20,26/09/2026 08:44
8e23725d-27cb-4975-b77f-786bbc1ba820,visionary.io,resell,,,high,low,9,"GoDaddy.com, LLC",06/06/2019 10:19,06/06/2027 10:19,26/09/2026 10:00
11cf8949-83e9-44fd-99e9-77b65a9244aa,symbolise.io,available,,,high,high,9,,,,
f523fa26-45ba-4ed5-9e4d-8e237074bef2,penholder.io,available,,,high,high,9,,,,
2f40860f-a3dc-476e-a5f0-478a7f56791b,dolphins.io,resell,,,medium,low,8,"GoDaddy.com, LLC",05/06/2016 00:30,05/06/2027 00:30,28/09/2026 18:14
05ad47b9-3005-4bc3-a109-d15edbe2650a,arpent.io,available,38.99,69.99,high,low,6,namesilo,,,20/09/2026 08:38
34c08bc9-f8ff-497b-ba30-afe3a2a7d382,satisfying.io,resell,,,high,low,10,"eNom, LLC",30/03/2020 16:36,30/03/2027 16:36,26/09/2026 08:49
112064dc-bf11-4707-b26d-df691e242878,orangutang.io,available,,,high,high,10,,,,
f023f164-0268-4c67-908e-95c547a44818,pfa.io,resell,,,high,low,3,,,,02/10/2026 20:00
6d3a395b-68fe-4a6a-b6a9-412481be67d8,chicopee.io,available,38,,medium,low,8,unstoppable,,,04/10/2026 06:35
b8059be8-09e3-4c44-876d-206bb43f370d,resilient.io,resell,,,high,low,9,"GoDaddy.com, LLC",04/06/2016 00:30,04/06/2027 00:30,26/09/2026 08:37
a63cab1d-5450-4971-a747-198b7c3cdcd6,whoopeedoo.io,available,,,high,high,10,,,,
49c284a4-449e-4601-b6cb-8c1bbbf89350,diffident.io,available,33.99,69.99,medium,low,9,namesilo,,,14/08/2026 07:01
c49953df-0793-4444-9470-032f762abdba,frenchifying.io,available,,,medium,low,12,,,,
35430f1e-6499-46dd-9330-efa819d29e39,ostensible.io,available,,,high,low,10,,,,
1c07626d-4d9f-4577-9c5c-5fb129d34ffd,glassblowers.io,available,,,medium,low,12,,,,
cb9e711c-c25a-4ad8-aee0-0ea68340c5cf,chores.io,resell,,,medium,low,6,"Sav.com, LLC",27/08/2019 17:02,27/08/2027 17:02,29/09/2026 17:46
08c5efd9-edd5-484b-833f-fe53bfe08503,chasing.io,resell,,,high,low,7,,,,27/09/2026 06:54
797815f5-1cd3-4739-9359-036e966f6073,sanatorium.io,resell,,,high,low,10,,,,05/10/2026 10:45
a077ae5f-e26c-4fa9-884b-870a2c5fbcd1,accessorize.io,resell,,,high,high,11,"Sav.com, LLC",31/07/2021 14:31,31/07/2027 14:31,26/09/2026 01:20
cddfa261-bd7a-47f8-ad50-c6b9057ae110,heals.io,resell,,,high,low,5,,,,04/10/2026 22:11
818c5cd1-90d9-4ba0-9e20-1a461e4a4ca5,unwind.io,resell,,,high,low,6,"NameCheap, Inc.",12/04/2015 18:22,12/04/2027 18:22,05/10/2026 14:35
98dd459f-15f9-4817-8e6f-e8c372aeacfb,anothers.io,available,,,high,medium,8,,,,
7f892996-4761-4508-b481-e267b0797f35,waremaking.io,available,,,high,low,10,,,,
f4891df2-f5cf-46e2-b1ff-b6800aa8fccc,excavate.io,resell,,,high,low,8,"GoDaddy.com, LLC",04/02/2015 13:20,04/02/2027 13:20,26/09/2026 05:55
8532ea49-1a20-409b-b09e-d2de8c69d99f,petted.io,available,,,medium,low,6,,,,
a9028bd8-5b14-421d-96e8-a4aa32ce082c,heartbreaker.io,available,,,high,high,12,,,,
94c7aa82-3a07-4a94-8ff1-745f7e7b6f02,carbonise.io,available,,,high,high,9,,,,